[1,["39VaX9kDlGXJDiC5YV/MGb@6c48a","b5+itBy3tLwI43V98S/7m9@f9941","f4sO3n6g9I/rnNZYYJcLKy@f9941","09mrh32xxMlYMOqxH2VL2l@f9941","39VaX9kDlGXJDiC5YV/MGb@f9941","04eVRfV8NFXrMiZG5v0RUz@f9941","b5+itBy3tLwI43V98S/7m9@6c48a"],["node","_spriteFrame","_textureSource","root","_target","data"],[["cc.Node",["_name","_layer","_components","_prefab","_lpos","_parent","_children"],1,9,4,5,1,2],"cc.SpriteFrame",["cc.Sprite",["_type","_sizeMode","node","__prefab","_spriteFrame"],1,1,4,6],["cc.Button",["_transition","_zoomScale","node","__prefab","clickEvents","_normalColor","_target"],1,1,4,9,5,1],["cc.Prefab",["_name"],2],["cc.UITransform",["node","__prefab","_contentSize"],3,1,4,5],["cc.CompPrefabInfo",["fileId"],2],["cc.Widget",["_alignFlags","_verticalCenter","node","__prefab"],1,1,4],["519a2XuJHhPCIqfzNnvXoyr",["uiType","node","__prefab"],2,1,4],["cc.PrefabInfo",["fileId","instance","targetOverrides","nestedPrefabInstanceRoots","root","asset"],-1,1,1],["cc.ClickEvent",["_componentId","handler","target"],1,1],["e858boYmuRNtaUbAZS8rSGo",["node","__prefab"],3,1,4],["cc.Label",["_string","_actualFontSize","_fontSize","_lineHeight","_isBold","node","__prefab"],-2,1,4]],[[6,0,2],[5,0,1,2,1],[9,0,1,2,3,4,5,5],[0,0,1,5,2,3,4,3],[2,0,1,2,3,4,3],[2,2,3,4,1],[10,0,1,2,3],[11,0,1,1],[4,0,2],[0,0,1,6,2,3,4,3],[0,0,1,5,6,2,3,4,3],[0,0,1,5,2,3,3],[7,0,1,2,3,3],[8,0,1,2,2],[3,0,1,2,3,4,3],[3,0,1,2,3,4,5,6,3],[12,0,1,2,3,4,5,6,6]],[[[{"name":"确定","rect":{"x":0,"y":0,"width":97,"height":47},"offset":{"x":0,"y":0},"originalSize":{"width":97,"height":47},"rotated":false,"capInsets":[0,0,0,0],"vertices":{"rawPosition":[-48.5,-23.5,0,48.5,-23.5,0,-48.5,23.5,0,48.5,23.5,0],"indexes":[0,1,2,2,1,3],"uv":[0,47,97,47,0,0,97,0],"nuv":[0,0,1,0,0,1,1,1],"minPos":{"x":-48.5,"y":-23.5,"z":0},"maxPos":{"x":48.5,"y":23.5,"z":0}},"packable":true,"pixelsToUnit":100,"pivot":{"x":0.5,"y":0.5},"meshType":0}],[1],0,[0],[2],[0]],[[[8,"UITimeOut"],[9,"UITimeOut",33554432,[-5,-6,-7,-8],[[1,-2,[0,"32vTxHxAZHV4OwCR5rCmYQ"],[5,0,0]],[12,18,50,-3,[0,"2fyr4MWWJOsb2aqboqBTFO"]],[13,1,-4,[0,"24SF+O0ehGl6NSMLQfu6Kw"]]],[2,"3eQhDwIONLcJOofVXsMGoe",null,null,null,-1,0],[1,0,50,0]],[10,"BtnYes",33554432,1,[-13,-14],[[1,-9,[0,"a11CEGLEZG/6DY8XkCWdNc"],[5,259,108]],[4,1,2,-10,[0,"04QLzMrypDGLaxRl0lighO"],4],[14,3,1.1,-11,[0,"54mn7nqDFAHYI1c9j1lUm+"],[[6,"519a2XuJHhPCIqfzNnvXoyr","onBtnYesClick",1]]],[7,-12,[0,"72pOb3x+FIRaCAXETh9zsZ"]]],[2,"7e0y+MN7JO/6YnuaBPDUGU",null,null,null,1,0],[1,0,-142,0]],[3,"BtnClose",33554432,1,[[1,-15,[0,"17wR6HUHJPf4xxXZlDnlwA"],[5,58,59]],[4,1,0,-16,[0,"94dg97eApP3JnqpjSrdwLE"],1],[15,3,1.1,-18,[0,"7fomPrpU9MIYDJXZe8S8rC"],[[6,"519a2XuJHhPCIqfzNnvXoyr","onBtnCloseClick",1]],[4,4292269782],-17],[7,-19,[0,"05MFlL8DxKQoXy6cARyCwl"]]],[2,"8fOTmxiCpIIrYlIyzGGk5V",null,null,null,1,0],[1,205,203,0]],[11,"dk_sjdl",33554432,1,[[1,-20,[0,"28TiqC30dK9aNifwn2e2Rh"],[5,461,486]],[4,1,2,-21,[0,"f9OIcjjLJNW79Cc/6VlTX/"],0]],[2,"f6FfvPNTBOrLX7AbgO6Aqw",null,null,null,1,0]],[3,"shipin1",33554432,2,[[1,-22,[0,"0bGqLVdeJMh5wpyROzUQ9T"],[5,55,42]],[5,-23,[0,"8fAVm3uH1EobackqpOChxa"],2]],[2,"01+FkOYKJMnKT3a8ENUdNV",null,null,null,1,0],[1,-48,8,0]],[3,"确定",33554432,2,[[1,-24,[0,"a4cGRKeMVPqKBgh+1MPQEW"],[5,97,47]],[5,-25,[0,"881WKx+uBBdLyViMnpxQxX"],3]],[2,"dcdMyMMjxD/K5YpgSJku64",null,null,null,1,0],[1,35,8,0]],[3,"Label",33554432,1,[[1,-26,[0,"89oD7CKPFKZqsCh4TjExV0"],[5,280.04296875,32.76]],[16,"观看广告增加60s游戏时间",24,24,26,true,-27,[0,"9dDZj/BPFBlJGKjPfadk1f"]]],[2,"a5/1wS9V9DZrnDdHoJBwGX",null,null,null,1,0],[1,0,-34,0]]],0,[0,3,1,0,0,1,0,0,1,0,0,1,0,-1,4,0,-2,3,0,-3,2,0,-4,7,0,0,2,0,0,2,0,0,2,0,0,2,0,-1,5,0,-2,6,0,0,3,0,0,3,0,4,3,0,0,3,0,0,3,0,0,4,0,0,4,0,0,5,0,0,5,0,0,6,0,0,6,0,0,7,0,0,7,0,5,1,27],[0,0,0,0,0],[1,1,1,1,1],[1,2,3,4,5]],[[{"name":"dk_sjdl","rect":{"x":0,"y":0,"width":461,"height":486},"offset":{"x":0,"y":0},"originalSize":{"width":461,"height":486},"rotated":false,"capInsets":[0,0,0,0],"vertices":{"rawPosition":[-230.5,-243,0,230.5,-243,0,-230.5,243,0,230.5,243,0],"indexes":[0,1,2,2,1,3],"uv":[0,486,461,486,0,0,461,0],"nuv":[0,0,1,0,0,1,1,1],"minPos":{"x":-230.5,"y":-243,"z":0},"maxPos":{"x":230.5,"y":243,"z":0}},"packable":true,"pixelsToUnit":100,"pivot":{"x":0.5,"y":0.5},"meshType":0}],[1],0,[0],[2],[6]]]]
