[1,["3dFfzifZVF8aWZ9YtVP/7L@6c48a","3dFfzifZVF8aWZ9YtVP/7L@f9941","efsVwHkGhF67wq8+fH6XAw@f9941","efsVwHkGhF67wq8+fH6XAw@6c48a"],["node","_textureSource","_spriteFrame","root","data"],[["cc.Node",["_name","_layer","_components","_prefab","_parent","_children","_lpos"],1,9,4,1,2,5],"cc.SpriteFrame",["cc.Sprite",["_type","_sizeMode","node","__prefab","_spriteFrame"],1,1,4,6],["cc.Prefab",["_name"],2],["cc.UITransform",["node","__prefab","_contentSize"],3,1,4,5],["cc.CompPrefabInfo",["fileId"],2],["cc.Widget",["_alignFlags","node","__prefab"],2,1,4],["cc.Mask",["node","__prefab"],3,1,4],["cc.Graphics",["node","__prefab","_fillColor"],3,1,4,5],["cc.UIOpacity",["node","__prefab"],3,1,4],["20f65pXklxMXLCKLZwpj4Q3",["uiType","node","__prefab"],2,1,4],["cc.PrefabInfo",["fileId","instance","targetOverrides","nestedPrefabInstanceRoots","root","asset"],-1,1,1],["cc.Label",["_string","_actualFontSize","_fontSize","_lineHeight","_isBold","node","__prefab"],-2,1,4]],[[5,0,2],[4,0,1,2,1],[11,0,1,2,3,4,5,5],[0,0,1,4,2,3,6,3],[3,0,2],[0,0,1,5,2,3,3],[0,0,1,4,2,3,3],[6,0,1,2,2],[7,0,1,1],[8,0,1,2,1],[9,0,1,1],[10,0,1,2,2],[2,2,3,4,1],[2,0,1,2,3,4,3],[12,0,1,2,3,4,5,6,6]],[[[{"name":"ndbs1","rect":{"x":0,"y":0,"width":633,"height":102},"offset":{"x":0,"y":0},"originalSize":{"width":633,"height":102},"rotated":false,"capInsets":[0,0,0,0],"vertices":{"rawPosition":[-316.5,-51,0,316.5,-51,0,-316.5,51,0,316.5,51,0],"indexes":[0,1,2,2,1,3],"uv":[0,102,633,102,0,0,633,0],"nuv":[0,0,1,0,0,1,1,1],"minPos":{"x":-316.5,"y":-51,"z":0},"maxPos":{"x":316.5,"y":51,"z":0}},"packable":true,"pixelsToUnit":100,"pivot":{"x":0.5,"y":0.5},"meshType":0}],[1],0,[0],[1],[0]],[[[4,"UIStageTip"],[5,"UIStageTip",33554432,[-8,-9,-10],[[1,-2,[0,"5afpmVNclCUYMDREb/uk7Z"],[5,630,102]],[7,18,-3,[0,"477x5/K1BFhZUXfWmOVc/K"]],[8,-4,[0,"9c3Plo3l9IBpdJ+XNKK3Ie"]],[9,-5,[0,"3fLFVG03BFM472WmpOEEWc"],[4,16777215]],[10,-6,[0,"eb7BFGSgJK4q2LOZAWclua"]],[11,3,-7,[0,"e2LIteNIpAwpSqjAGTST7G"]]],[2,"33neqAMj9GB6YeydSrT5LX",null,null,null,-1,0]],[6,"ndbs1",33554432,1,[[1,-11,[0,"ddpAKE+AdNgqZB050e97zK"],[5,633,102]],[12,-12,[0,"09pgpRxzBBjq355l/HCSNT"],0]],[2,"8aav9toIdPx5dp9I5+9bXq",null,null,null,1,0]],[3,"Arrow",33554432,1,[[1,-13,[0,"b63wnGuKxLfKP4uS63tnTg"],[5,2440,91]],[13,2,0,-14,[0,"1bQofyRnBDxotSsRh5r9lL"],1]],[2,"07LrAaWFFGZ7Ip2BYutaXw",null,null,null,1,0],[1,-850,0,0]],[3,"LbTip",33554432,1,[[1,-15,[0,"f8VSpd7RJLOqPVd8/5TR3G"],[5,94.8125,83.16]],[14,"Tip",64,64,66,true,-16,[0,"33HijeyK9NbpBiFaJYxH2e"]]],[2,"6855yS5gtC96AHx1y7B435",null,null,null,1,0],[1,-500,0,0]]],0,[0,3,1,0,0,1,0,0,1,0,0,1,0,0,1,0,0,1,0,0,1,0,-1,2,0,-2,3,0,-3,4,0,0,2,0,0,2,0,0,3,0,0,3,0,0,4,0,0,4,0,4,1,16],[0,0],[2,2],[1,2]],[[{"name":"ndbs2","rect":{"x":0,"y":0,"width":610,"height":91},"offset":{"x":0,"y":0},"originalSize":{"width":610,"height":91},"rotated":false,"capInsets":[0,0,0,0],"vertices":{"rawPosition":[-305,-45.5,0,305,-45.5,0,-305,45.5,0,305,45.5,0],"indexes":[0,1,2,2,1,3],"uv":[0,91,610,91,0,0,610,0],"nuv":[0,0,1,0,0,1,1,1],"minPos":{"x":-305,"y":-45.5,"z":0},"maxPos":{"x":305,"y":45.5,"z":0}},"packable":true,"pixelsToUnit":100,"pivot":{"x":0.5,"y":0.5},"meshType":0}],[1],0,[0],[1],[3]]]]
