[1,["182ae2412@6c48a"],["_textureSource"],["cc.SpriteFrame"],0,[[[{"name":"jt","rect":{"x":148,"y":3,"width":136,"height":53},"offset":{"x":0,"y":0},"originalSize":{"width":136,"height":53},"rotated":true,"capInsets":[0,0,0,0],"packable":true,"pixelsToUnit":100,"pivot":{"x":0.5,"y":0.5},"meshType":0}],[0],0,[0],[0],[0]],[[{"name":"jd3","rect":{"x":195,"y":601,"width":124,"height":34},"offset":{"x":0,"y":0},"originalSize":{"width":124,"height":34},"rotated":true,"capInsets":[0,0,0,0],"packable":true,"pixelsToUnit":100,"pivot":{"x":0.5,"y":0.5},"meshType":0}],[0],0,[0],[0],[0]],[[{"name":"btn_kaishiyouxi","rect":{"x":3,"y":142,"width":348,"height":138},"offset":{"x":0,"y":0.5},"originalSize":{"width":350,"height":139},"rotated":true,"capInsets":[0,0,0,0],"packable":true,"pixelsToUnit":100,"pivot":{"x":0.5,"y":0.5},"meshType":0}],[0],0,[0],[0],[0]],[[{"name":"tip","rect":{"x":195,"y":145,"width":450,"height":42},"offset":{"x":0,"y":0},"originalSize":{"width":450,"height":42},"rotated":true,"capInsets":[0,0,0,0],"packable":true,"pixelsToUnit":100,"pivot":{"x":0.5,"y":0.5},"meshType":0}],[0],0,[0],[0],[0]],[[{"name":"btn_djs","rect":{"x":3,"y":496,"width":348,"height":138},"offset":{"x":0,"y":0.5},"originalSize":{"width":350,"height":139},"rotated":true,"capInsets":[0,0,0,0],"packable":true,"pixelsToUnit":100,"pivot":{"x":0.5,"y":0.5},"meshType":0}],[0],0,[0],[0],[0]],[[{"name":"ts","rect":{"x":147,"y":145,"width":590,"height":42},"offset":{"x":0,"y":0},"originalSize":{"width":590,"height":42},"rotated":true,"capInsets":[0,0,0,0],"packable":true,"pixelsToUnit":100,"pivot":{"x":0.5,"y":0.5},"meshType":0}],[0],0,[0],[0],[0]],[[{"name":"hd2","rect":{"x":207,"y":121,"width":17,"height":17},"offset":{"x":0,"y":0},"originalSize":{"width":17,"height":17},"rotated":false,"capInsets":[0,0,0,0],"packable":true,"pixelsToUnit":100,"pivot":{"x":0.5,"y":0.5},"meshType":0}],[0],0,[0],[0],[0]],[[{"name":"btn_cj","rect":{"x":3,"y":3,"width":133,"height":139},"offset":{"x":0,"y":0},"originalSize":{"width":133,"height":139},"rotated":true,"capInsets":[0,0,0,0],"packable":true,"pixelsToUnit":100,"pivot":{"x":0.5,"y":0.5},"meshType":0}],[0],0,[0],[0],[0]],[[{"name":"btn_bx","rect":{"x":3,"y":850,"width":133,"height":124},"offset":{"x":0,"y":0},"originalSize":{"width":133,"height":124},"rotated":true,"capInsets":[0,0,0,0],"packable":true,"pixelsToUnit":100,"pivot":{"x":0.5,"y":0.5},"meshType":0}],[0],0,[0],[0],[0]],[[{"name":"hand","rect":{"x":133,"y":850,"width":98,"height":100},"offset":{"x":0,"y":0},"originalSize":{"width":98,"height":100},"rotated":true,"capInsets":[0,0,0,0],"packable":true,"pixelsToUnit":100,"pivot":{"x":0.5,"y":0.5},"meshType":0}],[0],0,[0],[0],[0]],[[{"name":"jd4","rect":{"x":207,"y":3,"width":112,"height":21},"offset":{"x":0,"y":0},"originalSize":{"width":112,"height":21},"rotated":true,"capInsets":[0,0,0,0],"packable":true,"pixelsToUnit":100,"pivot":{"x":0.5,"y":0.5},"meshType":0}],[0],0,[0],[0],[0]]]]
