[1,["78EKmfaftOpoXeMrLez3rn@f9941","f1YvqsWW9MlZSAreiOQY9+@f9941","c7OmHBWtBHCo3QsNIkQRu0@f9941","27c9g0bG5Cmb0XVYDHsxu8@f9941","d0bWodBZBAO4oDvs57zn2s@f9941","51bl+4eVNCU4SOARC6Wm9i@f9941","f4sO3n6g9I/rnNZYYJcLKy@f9941","9730hnrnRIz6mZSDy6ycxv","b066xIC3ZEha6aQDGdcFKO@f9941","27c9g0bG5Cmb0XVYDHsxu8@6c48a","78EKmfaftOpoXeMrLez3rn@6c48a","b066xIC3ZEha6aQDGdcFKO@6c48a","c7OmHBWtBHCo3QsNIkQRu0@6c48a","d0bWodBZBAO4oDvs57zn2s@6c48a","f1YvqsWW9MlZSAreiOQY9+@6c48a"],["node","_spriteFrame","_textureSource","_target","root","_checkMark","data","asset"],["cc.SpriteFrame",["cc.Node",["_name","_layer","_objFlags","__editorExtras__","_prefab","_components","_parent","_children","_lpos"],-1,4,9,1,2,5],["cc.Sprite",["_sizeMode","_type","node","__prefab","_spriteFrame"],1,1,4,6],["cc.UITransform",["node","__prefab","_contentSize","_anchorPoint"],3,1,4,5,5],["cc.Button",["_transition","_zoomScale","node","__prefab","_normalColor","_target","clickEvents"],1,1,4,5,1,9],["e858boYmuRNtaUbAZS8rSGo",["closeUI","node","__prefab"],2,1,4],["cc.Prefab",["_name"],2],["cc.Node",["_name","_layer","_parent","_components","_prefab"],1,1,12,4],["cc.CompPrefabInfo",["fileId"],2],["cc.Widget",["_alignFlags","_verticalCenter","node","__prefab"],1,1,4],["e07d7Xty35CRJ9f9kca17D7",["uiType","node","__prefab"],2,1,4],["cc.PrefabInfo",["fileId","instance","targetOverrides","root","asset","nestedPrefabInstanceRoots"],0,1,1,2],["cc.PrefabInfo",["fileId","instance","targetOverrides","nestedPrefabInstanceRoots","root","asset"],-1,1,1],["cc.PrefabInfo",["fileId","targetOverrides","nestedPrefabInstanceRoots","root","instance","asset"],0,1,4,6],["cc.ClickEvent",["_componentId","handler","target"],1,1],["cc.Toggle",["_interactable","node","__prefab","_normalColor","_target","_checkMark"],2,1,4,5,1,1],["cc.TargetInfo",["localID"],2],["cc.PrefabInstance",["fileId","prefabRootNode","propertyOverrides"],2,1,9],["CCPropertyOverrideInfo",["value","propertyPath","targetInfo"],1,1],["CCPropertyOverrideInfo",["propertyPath","targetInfo","value"],2,1,8]],[[8,0,2],[3,0,1,2,1],[12,0,1,2,3,4,5,5],[18,0,1,2,3],[1,0,1,6,5,4,8,3],[2,2,3,4,1],[2,1,0,2,3,4,3],[19,0,1,2,2],[1,0,1,6,7,5,4,8,3],[16,0,2],[6,0,2],[1,0,1,7,5,4,3],[1,2,3,6,4,3],[7,0,1,2,3,4,3],[3,0,1,2,3,1],[9,0,1,2,3,3],[10,0,1,2,2],[11,0,1,2,3,4,5,4],[13,0,1,2,3,4,5,4],[2,0,2,3,2],[4,0,1,2,3,6,4,5,3],[4,0,1,2,3,4,5,3],[14,0,1,2,3],[5,1,2,1],[5,0,1,2,2],[15,0,1,2,3,4,5,2],[17,0,1,2,2]],[[[[10,"UILuckySpin"],[11,"UILuckySpin",33554432,[-6,-7,-8,-9,-10,-11,-12],[[1,-3,[0,"57fWWKDnpPFZwIW7R2nXz3"],[5,720,1600]],[15,45,50,-4,[0,"a7C8+HYXpBvbXkSj61g+Cl"]],[16,1,-5,[0,"2dWEGR+CJJOrox5dnjFTJx"]]],[17,"3eOLP+6cJFcJljPokEwQ8s",null,[],-2,0,[-1]]],[8,"BtnSpin",33554432,1,[-18],[[1,-13,[0,"a9oN5cqjFJ9Z2mnCRmZ/s6"],[5,259,108]],[6,1,2,-14,[0,"c1KvkF58lIOKeWHSEdQIXv"],5],[20,3,1.1,-16,[0,"a5AkXf/eVGI7/g1BaX06Cc"],[[22,"e07d7Xty35CRJ9f9kca17D7","onBtnSpinClick",1]],[4,4292269782],-15],[23,-17,[0,"5d0oGfQcBGlI4VBozHiqJB"]]],[2,"89DF0IGYZFspQucjIcEBjY",null,null,null,1,0],[1,0,-390,0]],[8,"Lights",33554432,1,[-24],[[1,-19,[0,"ccGHSwrWJG2bnLp3KWETQP"],[5,586,586]],[6,1,2,-20,[0,"efCQa0NQBM+5+ALfVNqTCe"],2],[25,false,-23,[0,"fcfzUEefdKtZ7I0o7Qm8mM"],[4,4292269782],-22,-21]],[2,"19fQ6WclZLarxHL4jlE9yo",null,null,null,1,0],[1,0,83,0]],[4,"BtnClose",33554432,1,[[1,-25,[0,"680tnp6eZImraDhGO0ugfj"],[5,58,59]],[6,1,0,-26,[0,"0d17C4nPVMUrDc2C9ORjTU"],6],[21,3,1.1,-28,[0,"8eYkxRhjFBiLcSwcgRR16A"],[4,4292269782],-27],[24,"UILuckySpin",-29,[0,"46js987KlDt4bn+jbjabGP"]]],[2,"65rQCA1ThH4q2+kLAOaDua",null,null,null,1,0],[1,270,340,0]],[9,["f2AWmxhlFHkbLMHoU0sQHK"]],[9,["f3Bka97HBLC70aYs8RpRDZ"]],[4,"dk_zhuanPan",33554432,1,[[1,-30,[0,"daVNPUSh9Pbq4TwaRgnNfJ"],[5,608,698]],[5,-31,[0,"c19f/ceIdPVKcQSHIhvcge"],0]],[2,"d6QqQ29/tBG75VB42Sv1U3",null,null,null,1,0],[1,0,40,0]],[4,"ZhuanPan",33554432,1,[[1,-32,[0,"77Ub/lKZVOs6c5AYK6A/Ca"],[5,530,530]],[5,-33,[0,"71+yMW19FCsZFz9oERZLt4"],1]],[2,"7bzOBvic9PT488xiCFRb5+",null,null,null,1,0],[1,0,83,0]],[13,"Checkmark",33554432,3,[[[1,-34,[0,"1848/1FNVBQ68fwkPie2kS"],[5,607,607]],-35],4,1],[2,"45+9pSnAVFE5jrs99Nq/h/",null,null,null,1,0]],[4,"img_zhiZhen",33554432,1,[[14,-36,[0,"35ZVONgNxEWrEzyBbb8E0A"],[5,326,414],[0,0.5,0.2]],[5,-37,[0,"f3D6bwceFEUqvg6mFOuFyw"],3]],[2,"eenxdu+8dEH6OfTC31e8vS",null,null,null,1,0],[1,0,83,0]],[4,"抽一次",33554432,2,[[1,-38,[0,"ecl6R28LRH65qTTwZcVoG/"],[5,155,52]],[5,-39,[0,"ccvRbQzklJHYHBFwkH/Mll"],4]],[2,"ecbVyPTI9FZoYJ1eYHJYBI",null,null,null,1,0],[1,0,9,0]],[12,0,{},1,[18,"f3Bka97HBLC70aYs8RpRDZ",null,null,-40,[26,"87GB1JP39M7JVxFSx6dx7E",1,[[3,"CoinItem",["_name"],6],[7,["_lpos"],6,[1,-150,645,0]],[7,["_lrot"],6,[3,0,0,0,1]],[7,["_euler"],6,[1,0,0,0]],[3,17,["_alignFlags"],5],[3,124,["_top"],5],[3,25,["_lockFlags"],5],[3,145,["_left"],5],[3,-150,["_horizontalCenter"],5]]],7]],[19,2,9,[0,"84VBMFOi5PQqJjqMpvo3/i"]]],0,[0,-1,12,0,4,1,0,0,1,0,0,1,0,0,1,0,-1,7,0,-2,8,0,-3,3,0,-4,10,0,-5,2,0,-6,4,0,-7,12,0,0,2,0,0,2,0,3,2,0,0,2,0,0,2,0,-1,11,0,0,3,0,0,3,0,5,13,0,3,3,0,0,3,0,-1,9,0,0,4,0,0,4,0,3,4,0,0,4,0,0,4,0,0,7,0,0,7,0,0,8,0,0,8,0,0,9,0,-2,13,0,0,10,0,0,10,0,0,11,0,0,11,0,4,12,0,6,1,40],[0,0,0,0,0,0,0,0,13],[1,1,1,1,1,1,1,7,1],[0,1,2,3,4,5,6,7,8]],[[{"name":"img_zhiZhen","rect":{"x":1,"y":0,"width":326,"height":414},"offset":{"x":0,"y":0},"originalSize":{"width":328,"height":414},"rotated":false,"capInsets":[0,0,0,0],"vertices":{"rawPosition":[-163,-207,0,163,-207,0,-163,207,0,163,207,0],"indexes":[0,1,2,2,1,3],"uv":[1,414,327,414,1,0,327,0],"nuv":[0.003048780487804878,0,0.9969512195121951,0,0.003048780487804878,1,0.9969512195121951,1],"minPos":{"x":-163,"y":-207,"z":0},"maxPos":{"x":163,"y":207,"z":0}},"packable":true,"pixelsToUnit":100,"pivot":{"x":0.5,"y":0.5},"meshType":0}],[0],0,[0],[2],[9]],[[{"name":"dk_zhuanPan","rect":{"x":0,"y":0,"width":608,"height":698},"offset":{"x":0,"y":0},"originalSize":{"width":608,"height":698},"rotated":false,"capInsets":[0,0,0,0],"vertices":{"rawPosition":[-304,-349,0,304,-349,0,-304,349,0,304,349,0],"indexes":[0,1,2,2,1,3],"uv":[0,698,608,698,0,0,608,0],"nuv":[0,0,1,0,0,1,1,1],"minPos":{"x":-304,"y":-349,"z":0},"maxPos":{"x":304,"y":349,"z":0}},"packable":true,"pixelsToUnit":100,"pivot":{"x":0.5,"y":0.5},"meshType":0}],[0],0,[0],[2],[10]],[[{"name":"deng2","rect":{"x":1,"y":1,"width":605,"height":605},"offset":{"x":0,"y":0},"originalSize":{"width":607,"height":607},"rotated":false,"capInsets":[0,0,0,0],"vertices":{"rawPosition":[-302.5,-302.5,0,302.5,-302.5,0,-302.5,302.5,0,302.5,302.5,0],"indexes":[0,1,2,2,1,3],"uv":[1,606,606,606,1,1,606,1],"nuv":[0.0016474464579901153,0.0016474464579901153,0.9983525535420099,0.0016474464579901153,0.0016474464579901153,0.9983525535420099,0.9983525535420099,0.9983525535420099],"minPos":{"x":-302.5,"y":-302.5,"z":0},"maxPos":{"x":302.5,"y":302.5,"z":0}},"packable":true,"pixelsToUnit":100,"pivot":{"x":0.5,"y":0.5},"meshType":0}],[0],0,[0],[2],[11]],[[{"name":"deng1","rect":{"x":0,"y":0,"width":586,"height":586},"offset":{"x":0,"y":0},"originalSize":{"width":586,"height":586},"rotated":false,"capInsets":[0,0,0,0],"vertices":{"rawPosition":[-293,-293,0,293,-293,0,-293,293,0,293,293,0],"indexes":[0,1,2,2,1,3],"uv":[0,586,586,586,0,0,586,0],"nuv":[0,0,1,0,0,1,1,1],"minPos":{"x":-293,"y":-293,"z":0},"maxPos":{"x":293,"y":293,"z":0}},"packable":true,"pixelsToUnit":100,"pivot":{"x":0.5,"y":0.5},"meshType":0}],[0],0,[0],[2],[12]],[[{"name":"抽一次","rect":{"x":0,"y":0,"width":155,"height":52},"offset":{"x":0,"y":0},"originalSize":{"width":155,"height":52},"rotated":false,"capInsets":[0,0,0,0],"vertices":{"rawPosition":[-77.5,-26,0,77.5,-26,0,-77.5,26,0,77.5,26,0],"indexes":[0,1,2,2,1,3],"uv":[0,52,155,52,0,0,155,0],"nuv":[0,0,1,0,0,1,1,1],"minPos":{"x":-77.5,"y":-26,"z":0},"maxPos":{"x":77.5,"y":26,"z":0}},"packable":true,"pixelsToUnit":100,"pivot":{"x":0.5,"y":0.5},"meshType":0}],[0],0,[0],[2],[13]],[[{"name":"img_zhuanPan","rect":{"x":0,"y":0,"width":530,"height":530},"offset":{"x":0,"y":0},"originalSize":{"width":530,"height":530},"rotated":false,"capInsets":[0,0,0,0],"vertices":{"rawPosition":[-265,-265,0,265,-265,0,-265,265,0,265,265,0],"indexes":[0,1,2,2,1,3],"uv":[0,530,530,530,0,0,530,0],"nuv":[0,0,1,0,0,1,1,1],"minPos":{"x":-265,"y":-265,"z":0},"maxPos":{"x":265,"y":265,"z":0}},"packable":true,"pixelsToUnit":100,"pivot":{"x":0.5,"y":0.5},"meshType":0}],[0],0,[0],[2],[14]]]]
