[1,["d3sdaDXwdH+bdkyDKpT4Z5@6c48a"],["_textureSource"],["cc.SpriteFrame"],0,[{"name":"icon_bd","rect":{"x":0,"y":0,"width":221,"height":214},"offset":{"x":0,"y":0},"originalSize":{"width":221,"height":214},"rotated":false,"capInsets":[0,0,0,0],"vertices":{"rawPosition":[-110.5,-107,0,110.5,-107,0,-110.5,107,0,110.5,107,0],"indexes":[0,1,2,2,1,3],"uv":[0,214,221,214,0,0,221,0],"nuv":[0,0,1,0,0,1,1,1],"minPos":{"x":-110.5,"y":-107,"z":0},"maxPos":{"x":110.5,"y":107,"z":0}},"packable":true,"pixelsToUnit":100,"pivot":{"x":0.5,"y":0.5},"meshType":0}],[0],0,[0],[0],[0]]
