[1,["694OE0JklNAoe+OoF4Ruaa@6c48a","694OE0JklNAoe+OoF4Ruaa@f9941","97xbYCLoJIFo3zlXLsv/YO@f9941","3dnajm/XdJZ6yVH7LAUspH@f9941","6drjRRSyxPrZ83N5gzHAUS@f9941"],["node","_spriteFrame","_target","_textureSource","root","tip","data"],[["cc.Node",["_name","_layer","_components","_prefab","_parent","_children","_lpos"],1,9,4,1,2,5],["cc.Widget",["_alignFlags","_originalHeight","_bottom","node","__prefab"],0,1,4],["cc.Sprite",["_type","_sizeMode","node","__prefab","_spriteFrame"],1,1,4,6],"cc.SpriteFrame",["cc.Prefab",["_name"],2],["cc.UITransform",["node","__prefab","_contentSize"],3,1,4,5],["cc.CompPrefabInfo",["fileId"],2],["c23355pf51HnrCLBl2fKRjQ",["node","__prefab","tip"],3,1,4,1],["cc.PrefabInfo",["fileId","instance","targetOverrides","nestedPrefabInstanceRoots","root","asset"],-1,1,1],["cc.Button",["_transition","_zoomScale","node","__prefab","clickEvents","_normalColor","_target"],1,1,4,9,5,1],["cc.ClickEvent",["_componentId","handler","target"],1,1],["e858boYmuRNtaUbAZS8rSGo",["node","__prefab"],3,1,4]],[[6,0,2],[5,0,1,2,1],[8,0,1,2,3,4,5,5],[0,0,1,4,2,3,6,3],[1,0,2,3,4,3],[2,0,1,2,3,4,3],[2,2,3,4,1],[9,0,1,2,3,4,5,6,3],[10,0,1,2,3],[11,0,1,1],[4,0,2],[0,0,1,5,2,3,3],[0,0,1,4,2,3,3],[1,0,1,3,4,3],[1,0,3,4,2],[7,0,1,2,1]],[[[{"name":"zjm1","rect":{"x":0,"y":0,"width":720,"height":1600},"offset":{"x":0,"y":0},"originalSize":{"width":720,"height":1600},"rotated":false,"capInsets":[0,0,0,0],"vertices":{"rawPosition":[-360,-800,0,360,-800,0,-360,800,0,360,800,0],"indexes":[0,1,2,2,1,3],"uv":[0,1600,720,1600,0,0,720,0],"nuv":[0,0,1,0,0,1,1,1],"minPos":{"x":-360,"y":-800,"z":0},"maxPos":{"x":360,"y":800,"z":0}},"packable":false,"pixelsToUnit":100,"pivot":{"x":0.5,"y":0.5},"meshType":0}],[3],0,[0],[3],[0]],[[[10,"MainItem"],[11,"MainItem",33554432,[-6,-7,-8,-9],[[1,-2,[0,"61H0DCGiVA0K9FMtIsWDDl"],[5,720,1600]],[13,5,1280,-3,[0,"a4cqP8ALZPE4gO0lFSfiur"]],[15,-5,[0,"f90Vuo0QFIM5SxUnqozVIW"],-4]],[2,"0dmYF7771HS4EGFy5Q0t8b",null,null,null,-1,0]],[3,"BtnStart",33554432,1,[[1,-10,[0,"32pxyq4a5EcrjaaDmIL0pz"],[5,350,139]],[5,1,2,-11,[0,"7880QulQ9EoakmO3Sag7rT"],2],[7,3,1.1,-13,[0,"104VllS7VG0I17wM3aT4G3"],[[8,"c23355pf51HnrCLBl2fKRjQ","onBtnStartClick",1]],[4,4292269782],-12],[9,-14,[0,"7bW3NhWghB6pP9RLAuvdOT"]],[4,4,300,-15,[0,"afsPB0Nv1GrZrxQzbTKRfQ"]]],[2,"37KyYXTzBFDoH0UpN2pxuI",null,null,null,1,0],[1,0,-430.5,0]],[3,"BtnUnlock",33554432,1,[[1,-16,[0,"19ZV3W8HtHrZw/PlB5z3ll"],[5,350,139]],[5,1,2,-17,[0,"cdf9sfXmtOSLBapt9DuZpk"],3],[7,3,1.1,-19,[0,"a7/hQV93dIkY2vJi6i5lb/"],[[8,"c23355pf51HnrCLBl2fKRjQ","onBtnUnlockClick",1]],[4,4292269782],-18],[9,-20,[0,"bfAZIfVi5AN604IGjxpt9F"]],[4,4,300,-21,[0,"45btX0qVJLXJXku8tr5eEs"]]],[2,"52/hFgEXZNiKFWbIU9gIRa",null,null,null,1,0],[1,0,-430.5,0]],[12,"Bg",33554432,1,[[1,-22,[0,"9cBAj5J0ZK9L1NVs9++jWi"],[5,720,1600]],[6,-23,[0,"63A4cBQ1BNDLS4JmNb/TdO"],0],[14,18,-24,[0,"0aTRXVkadMyKufqqmNAGZw"]]],[2,"06HDSlT4FHY6sxR5ZbI8eG",null,null,null,1,0]],[3,"Tip",33554432,1,[[1,-25,[0,"13pN7YuW5GVocD7UsRo9Tx"],[5,590,42]],[6,-26,[0,"c5YAy/yu1NYJd9Ft+XS4BK"],1]],[2,"923+/Hs/dK3LnGvYJdn8NN",null,null,null,1,0],[1,0,120,0]]],0,[0,4,1,0,0,1,0,0,1,0,5,5,0,0,1,0,-1,4,0,-2,5,0,-3,2,0,-4,3,0,0,2,0,0,2,0,2,2,0,0,2,0,0,2,0,0,2,0,0,3,0,0,3,0,2,3,0,0,3,0,0,3,0,0,3,0,0,4,0,0,4,0,0,4,0,0,5,0,0,5,0,6,1,26],[0,0,0,0],[1,1,1,1],[1,2,3,4]]]]
