[1,["81GHchAJFEkK480xU8rZZ/@f9941","81GHchAJFEkK480xU8rZZ/@6c48a"],["node","root","data","_spriteFrame","_textureSource"],[["cc.Node",["_name","_layer","_components","_prefab","_children","_parent"],1,9,4,2,1],["cc.Widget",["_alignFlags","_originalWidth","_originalHeight","node","__prefab"],0,1,4],"cc.SpriteFrame",["cc.Prefab",["_name"],2],["cc.UITransform",["node","__prefab","_contentSize"],3,1,4,5],["cc.CompPrefabInfo",["fileId"],2],["b7f21+tVI1AOoD8l7luTPtj",["node","__prefab"],3,1,4],["cc.UIOpacity",["node","__prefab"],3,1,4],["cc.PrefabInfo",["fileId","instance","targetOverrides","nestedPrefabInstanceRoots","root","asset"],-1,1,1],["cc.Sprite",["_type","_sizeMode","node","__prefab","_spriteFrame"],1,1,4,6]],[[5,0,2],[4,0,1,2,1],[8,0,1,2,3,4,5,5],[3,0,2],[0,0,1,4,2,3,3],[0,0,1,5,2,3,3],[1,0,3,4,2],[1,0,1,2,3,4,4],[6,0,1,1],[7,0,1,1],[9,0,1,2,3,4,3]],[[[[3,"EffectRedAlert"],[4,"EffectRedAlert",33554432,[-6],[[1,-2,[0,"5cJmai93lGu5njV9Cz5563"],[5,720,1280]],[6,45,-3,[0,"82C3uEdvBG25aya3968RZy"]],[8,-4,[0,"7bboWTS+ZDKqijKUegaxKI"]],[9,-5,[0,"eeW1NoXH5J7Jnxht1l8tZA"]]],[2,"37wREUaE5AeJqt86APUewz",null,null,null,-1,0]],[5,"Bg",33554432,1,[[1,-7,[0,"2a6c3AvxpCN5Oqd5le8S7H"],[5,720,1280]],[10,1,0,-8,[0,"ee0imp5lJDO6iC+8L+ASKQ"],0],[7,45,720,1600,-9,[0,"91q33p8ulNl7sP/GAPPIcC"]]],[2,"2aJ2o12mVPhbfuCoTZwDh7",null,null,null,1,0]]],0,[0,1,1,0,0,1,0,0,1,0,0,1,0,0,1,0,-1,2,0,0,2,0,0,2,0,0,2,0,2,1,9],[0],[3],[0]],[[{"name":"bg_red","rect":{"x":0,"y":0,"width":360,"height":800},"offset":{"x":0,"y":0},"originalSize":{"width":360,"height":800},"rotated":false,"capInsets":[100,200,100,200],"vertices":{"rawPosition":[-180,-400,0,180,-400,0,-180,400,0,180,400,0],"indexes":[0,1,2,2,1,3],"uv":[0,800,360,800,0,0,360,0],"nuv":[0,0,1,0,0,1,1,1],"minPos":{"x":-180,"y":-400,"z":0},"maxPos":{"x":180,"y":400,"z":0}},"packable":false,"pixelsToUnit":100,"pivot":{"x":0.5,"y":0.5},"meshType":0}],[2],0,[0],[4],[1]]]]
