[1,["b1NCuGakVEQ6wCKcZw6xnb@f9941","b1NCuGakVEQ6wCKcZw6xnb@6c48a"],["node","root","data","_spriteFrame","_textureSource"],[["cc.Node",["_name","_layer","_components","_prefab","_children","_parent"],1,9,4,2,1],"cc.SpriteFrame",["cc.Prefab",["_name"],2],["cc.UITransform",["node","__prefab","_contentSize"],3,1,4,5],["cc.CompPrefabInfo",["fileId"],2],["cc.Widget",["_alignFlags","node","__prefab"],2,1,4],["9e7aexhG2pDCacTPHtgSOhx",["node","__prefab"],3,1,4],["cc.PrefabInfo",["fileId","instance","targetOverrides","nestedPrefabInstanceRoots","root","asset"],-1,1,1],["cc.Sprite",["_sizeMode","node","__prefab","_spriteFrame"],2,1,4,6]],[[4,0,2],[3,0,1,2,1],[7,0,1,2,3,4,5,5],[2,0,2],[0,0,1,4,2,3,3],[0,0,1,5,2,3,3],[5,0,1,2,2],[6,0,1,1],[8,0,1,2,3,2]],[[[[3,"EffectFreeze"],[4,"EffectFreeze",33554432,[-5],[[1,-2,[0,"5cJmai93lGu5njV9Cz5563"],[5,0,0]],[6,18,-3,[0,"82C3uEdvBG25aya3968RZy"]],[7,-4,[0,"d3kCQbdVhAboCjwQ8ICaOw"]]],[2,"37wREUaE5AeJqt86APUewz",null,null,null,-1,0]],[5,"bgxg",33554432,1,[[1,-6,[0,"2a6c3AvxpCN5Oqd5le8S7H"],[5,720,1600]],[8,0,-7,[0,"ee0imp5lJDO6iC+8L+ASKQ"],0]],[2,"2aJ2o12mVPhbfuCoTZwDh7",null,null,null,1,0]]],0,[0,1,1,0,0,1,0,0,1,0,0,1,0,-1,2,0,0,2,0,0,2,0,2,1,7],[0],[3],[0]],[[{"name":"bg_bd","rect":{"x":0,"y":0,"width":720,"height":1600},"offset":{"x":0,"y":0},"originalSize":{"width":720,"height":1600},"rotated":false,"capInsets":[0,0,0,0],"vertices":{"rawPosition":[-360,-800,0,360,-800,0,-360,800,0,360,800,0],"indexes":[0,1,2,2,1,3],"uv":[0,1600,720,1600,0,0,720,0],"nuv":[0,0,1,0,0,1,1,1],"minPos":{"x":-360,"y":-800,"z":0},"maxPos":{"x":360,"y":800,"z":0}},"packable":false,"pixelsToUnit":100,"pivot":{"x":0.5,"y":0.5},"meshType":0}],[1],0,[0],[4],[1]]]]
