[1,["56R32Jt6JA4qLoOwvjdiax@6c48a"],["_textureSource"],["cc.SpriteFrame"],0,[{"name":"djtj_dk","rect":{"x":0,"y":0,"width":453,"height":613},"offset":{"x":0,"y":0},"originalSize":{"width":453,"height":613},"rotated":false,"capInsets":[0,0,0,0],"vertices":{"rawPosition":[-226.5,-306.5,0,226.5,-306.5,0,-226.5,306.5,0,226.5,306.5,0],"indexes":[0,1,2,2,1,3],"uv":[0,613,453,613,0,0,453,0],"nuv":[0,0,1,0,0,1,1,1],"minPos":{"x":-226.5,"y":-306.5,"z":0},"maxPos":{"x":226.5,"y":306.5,"z":0}},"packable":false,"pixelsToUnit":100,"pivot":{"x":0.5,"y":0.5},"meshType":0}],[0],0,[0],[0],[0]]
