[1,["84D4uAi4tJOr/iwLpmMkWa@6c48a","92NF+t6fNNA6gcQ0EP6JRk@6c48a","d9JL318FdB46vCF/Tr32Eg@f9941","09mrh32xxMlYMOqxH2VL2l@f9941","84D4uAi4tJOr/iwLpmMkWa@f9941","04eVRfV8NFXrMiZG5v0RUz@f9941","92NF+t6fNNA6gcQ0EP6JRk@f9941","f4sO3n6g9I/rnNZYYJcLKy@f9941","d9JL318FdB46vCF/Tr32Eg@6c48a"],["node","_spriteFrame","_textureSource","root","_target","data"],[["cc.Node",["_name","_layer","_components","_prefab","_parent","_children","_lpos"],1,9,4,1,2,5],"cc.SpriteFrame",["cc.Sprite",["_type","_sizeMode","node","__prefab","_spriteFrame"],1,1,4,6],["cc.Button",["_transition","_zoomScale","node","__prefab","clickEvents","_normalColor","_target"],1,1,4,9,5,1],["cc.Prefab",["_name"],2],["cc.UITransform",["node","__prefab","_contentSize"],3,1,4,5],["cc.CompPrefabInfo",["fileId"],2],["cc.Widget",["_alignFlags","_originalWidth","_originalHeight","node","__prefab"],0,1,4],["097caW3VFlD54SnGMMx5aKh",["uiType","node","__prefab"],2,1,4],["cc.PrefabInfo",["fileId","instance","targetOverrides","nestedPrefabInstanceRoots","root","asset"],-1,1,1],["cc.ClickEvent",["_componentId","handler","target"],1,1],["e858boYmuRNtaUbAZS8rSGo",["node","__prefab"],3,1,4]],[[6,0,2],[5,0,1,2,1],[9,0,1,2,3,4,5,5],[0,0,1,4,2,3,6,3],[2,0,1,2,3,4,3],[2,2,3,4,1],[10,0,1,2,3],[11,0,1,1],[3,0,1,2,3,4,3],[4,0,2],[0,0,1,5,2,3,3],[0,0,1,4,5,2,3,6,3],[0,0,1,4,2,3,3],[7,0,1,2,3,4,4],[8,0,1,2,2],[3,0,1,2,3,4,5,6,3]],[[[{"name":"qblq","rect":{"x":0,"y":0,"width":177,"height":46},"offset":{"x":0,"y":0},"originalSize":{"width":177,"height":46},"rotated":false,"capInsets":[0,0,0,0],"vertices":{"rawPosition":[-88.5,-23,0,88.5,-23,0,-88.5,23,0,88.5,23,0],"indexes":[0,1,2,2,1,3],"uv":[0,46,177,46,0,0,177,0],"nuv":[0,0,1,0,0,1,1,1],"minPos":{"x":-88.5,"y":-23,"z":0},"maxPos":{"x":88.5,"y":23,"z":0}},"packable":true,"pixelsToUnit":100,"pivot":{"x":0.5,"y":0.5},"meshType":0}],[1],0,[0],[2],[0]],[[{"name":"随机领取一件","rect":{"x":0,"y":0,"width":198,"height":32},"offset":{"x":0,"y":0},"originalSize":{"width":198,"height":32},"rotated":false,"capInsets":[0,0,0,0],"vertices":{"rawPosition":[-99,-16,0,99,-16,0,-99,16,0,99,16,0],"indexes":[0,1,2,2,1,3],"uv":[0,32,198,32,0,0,198,0],"nuv":[0,0,1,0,0,1,1,1],"minPos":{"x":-99,"y":-16,"z":0},"maxPos":{"x":99,"y":16,"z":0}},"packable":true,"pixelsToUnit":100,"pivot":{"x":0.5,"y":0.5},"meshType":0}],[1],0,[0],[2],[1]],[[[9,"UILoginReward"],[10,"UILoginReward",33554432,[-5,-6,-7,-8],[[1,-2,[0,"68LdFrwwNHFqpmdVe1LsSO"],[5,720,1280]],[13,45,100,100,-3,[0,"f32W5QBrpMrYTS+yWsY4bF"]],[14,1,-4,[0,"493jrejZNE54ID4migoqqp"]]],[2,"70JzjSAyxN7q7nwFo3VlLR",null,null,null,-1,0]],[11,"BtnGetAll",33554432,1,[-13,-14],[[1,-9,[0,"12808nzfVAt7mdm0MsvXmi"],[5,259,108]],[4,1,2,-10,[0,"7cqlpHybxLsYwKpl/X48Qu"],3],[8,3,1.1,-11,[0,"d9L4Sfwy9F2af5ClW2b5OJ"],[[6,"097caW3VFlD54SnGMMx5aKh","onBtnGetAllClick",1]]],[7,-12,[0,"d1klW7Z5VB2p+b90Z43kwn"]]],[2,"a1jaIkXbZL+bjV52BsSixF",null,null,null,1,0],[1,0,-100,0]],[3,"BtnClose",33554432,1,[[1,-15,[0,"7fvz3rpktNyLOuWhpqTGB+"],[5,58,59]],[4,1,0,-16,[0,"98OaEkJRlBKYfxjvJSZY2B"],5],[15,3,1.1,-18,[0,"bcMH8Lc3lNIa+Kqkvn9gDO"],[[6,"097caW3VFlD54SnGMMx5aKh","onBtnCloseClick",1]],[4,4292269782],-17],[7,-19,[0,"10xCPpHrRMSoQAUghUhXd5"]]],[2,"7bGUI5VZhDPKmvdX+UT2ub",null,null,null,1,0],[1,200,210,0]],[3,"BtnGetOne",33554432,1,[[1,-20,[0,"58HyM2JD5D3InWUWVnoHwc"],[5,198,32]],[4,1,2,-21,[0,"27TtgU1P1JX6zCUTuu6zp7"],4],[8,3,1.1,-22,[0,"b40W2BZFxCEY2jQbFu7Ek9"],[[6,"097caW3VFlD54SnGMMx5aKh","onBtnGetOneClick",1]]],[7,-23,[0,"8aSTHzNQJL97BPvz8IjEwK"]]],[2,"49r7ZoyKBHAYbmDjcFqPFd",null,null,null,1,0],[1,0,-182,0]],[12,"dk_dljl",33554432,1,[[1,-24,[0,"cfiRXZaTpPsboiFaZpJCiN"],[5,461,486]],[5,-25,[0,"13UsU29+VAZ4c2OrKFAVLy"],0]],[2,"336Spl2DpI3LNd4OpgTfaI",null,null,null,1,0]],[3,"shipin1",33554432,2,[[1,-26,[0,"54CkUBEmpDR7vmX4mWTpqx"],[5,55,42]],[5,-27,[0,"54deoxkk5LoLL87JLpLgr2"],1]],[2,"b71Bv+J+JLUZCLoHBnQZLK",null,null,null,1,0],[1,-90,8,0]],[3,"qblq",33554432,2,[[1,-28,[0,"192vJtXFpPxIYVc7z0MyDg"],[5,177,46]],[5,-29,[0,"82v8XeGP9L9p/bF5W1ZzHa"],2]],[2,"fazP4mGW5ENLup27QDy2KY",null,null,null,1,0],[1,28,8,0]]],0,[0,3,1,0,0,1,0,0,1,0,0,1,0,-1,5,0,-2,2,0,-3,4,0,-4,3,0,0,2,0,0,2,0,0,2,0,0,2,0,-1,6,0,-2,7,0,0,3,0,0,3,0,4,3,0,0,3,0,0,3,0,0,4,0,0,4,0,0,4,0,0,4,0,0,5,0,0,5,0,0,6,0,0,6,0,0,7,0,0,7,0,5,1,29],[0,0,0,0,0,0],[1,1,1,1,1,1],[2,3,4,5,6,7]],[[{"name":"dk_dljl","rect":{"x":0,"y":0,"width":461,"height":486},"offset":{"x":0,"y":0},"originalSize":{"width":461,"height":486},"rotated":false,"capInsets":[0,0,0,0],"vertices":{"rawPosition":[-230.5,-243,0,230.5,-243,0,-230.5,243,0,230.5,243,0],"indexes":[0,1,2,2,1,3],"uv":[0,486,461,486,0,0,461,0],"nuv":[0,0,1,0,0,1,1,1],"minPos":{"x":-230.5,"y":-243,"z":0},"maxPos":{"x":230.5,"y":243,"z":0}},"packable":true,"pixelsToUnit":100,"pivot":{"x":0.5,"y":0.5},"meshType":0}],[1],0,[0],[2],[8]]]]
