[1,["1520190d7@6c48a"],["_textureSource"],["cc.SpriteFrame"],0,[[[{"name":"btn_hy","rect":{"x":560,"y":812,"width":47,"height":50},"offset":{"x":0,"y":0},"originalSize":{"width":47,"height":50},"rotated":false,"capInsets":[0,0,0,0],"packable":true,"pixelsToUnit":100,"pivot":{"x":0.5,"y":0.5},"meshType":0}],[0],0,[0],[0],[0]],[[{"name":"pl","rect":{"x":429,"y":355,"width":143,"height":100},"offset":{"x":0,"y":0},"originalSize":{"width":143,"height":100},"rotated":false,"capInsets":[0,0,0,0],"packable":true,"pixelsToUnit":100,"pivot":{"x":0.5,"y":0.5},"meshType":0}],[0],0,[0],[0],[0]],[[{"name":"guizi1","rect":{"x":74,"y":3,"width":230,"height":145},"offset":{"x":0,"y":0},"originalSize":{"width":230,"height":145},"rotated":true,"capInsets":[0,0,0,0],"packable":true,"pixelsToUnit":100,"pivot":{"x":0.5,"y":0.5},"meshType":0}],[0],0,[0],[0],[0]],[[{"name":"jd_6","rect":{"x":361,"y":134,"width":213,"height":26},"offset":{"x":0,"y":0},"originalSize":{"width":213,"height":26},"rotated":false,"capInsets":[0,0,0,0],"packable":true,"pixelsToUnit":100,"pivot":{"x":0.5,"y":0.5},"meshType":0}],[0],0,[0],[0],[0]],[[{"name":"jsdk","rect":{"x":572,"y":461,"width":33,"height":33},"offset":{"x":0,"y":0},"originalSize":{"width":33,"height":33},"rotated":false,"capInsets":[0,0,0,0],"packable":true,"pixelsToUnit":100,"pivot":{"x":0.5,"y":0.5},"meshType":0}],[0],0,[0],[0],[0]],[[{"name":"zb","rect":{"x":195,"y":512,"width":141,"height":96},"offset":{"x":-0.5,"y":0},"originalSize":{"width":142,"height":96},"rotated":true,"capInsets":[0,0,0,0],"packable":true,"pixelsToUnit":100,"pivot":{"x":0.5,"y":0.5},"meshType":0}],[0],0,[0],[0],[0]],[[{"name":"tl3","rect":{"x":285,"y":716,"width":126,"height":60},"offset":{"x":0,"y":-0.5},"originalSize":{"width":126,"height":61},"rotated":false,"capInsets":[0,0,0,0],"packable":true,"pixelsToUnit":100,"pivot":{"x":0.5,"y":0.5},"meshType":0}],[0],0,[0],[0],[0]],[[{"name":"bl2","rect":{"x":225,"y":224,"width":211,"height":125},"offset":{"x":0,"y":0},"originalSize":{"width":211,"height":125},"rotated":false,"capInsets":[0,0,0,0],"packable":true,"pixelsToUnit":100,"pivot":{"x":0.5,"y":0.5},"meshType":0}],[0],0,[0],[0],[0]],[[{"name":"csl","rect":{"x":74,"y":512,"width":203,"height":115},"offset":{"x":0,"y":0},"originalSize":{"width":203,"height":115},"rotated":true,"capInsets":[0,0,0,0],"packable":true,"pixelsToUnit":100,"pivot":{"x":0.5,"y":0.5},"meshType":0}],[0],0,[0],[0],[0]],[[{"name":"gj","rect":{"x":74,"y":721,"width":110,"height":62},"offset":{"x":0,"y":0},"originalSize":{"width":110,"height":62},"rotated":false,"capInsets":[0,0,0,0],"packable":true,"pixelsToUnit":100,"pivot":{"x":0.5,"y":0.5},"meshType":0}],[0],0,[0],[0],[0]],[[{"name":"jd1","rect":{"x":361,"y":166,"width":156,"height":28},"offset":{"x":0,"y":0},"originalSize":{"width":156,"height":28},"rotated":false,"capInsets":[0,0,0,0],"packable":true,"pixelsToUnit":100,"pivot":{"x":0.5,"y":0.5},"meshType":0}],[0],0,[0],[0],[0]],[[{"name":"tl1","rect":{"x":225,"y":3,"width":215,"height":130},"offset":{"x":0,"y":0},"originalSize":{"width":215,"height":130},"rotated":true,"capInsets":[0,0,0,0],"packable":true,"pixelsToUnit":100,"pivot":{"x":0.5,"y":0.5},"meshType":0}],[0],0,[0],[0],[0]],[[{"name":"lj","rect":{"x":560,"y":735,"width":71,"height":35},"offset":{"x":0,"y":0},"originalSize":{"width":71,"height":35},"rotated":true,"capInsets":[0,0,0,0],"packable":true,"pixelsToUnit":100,"pivot":{"x":0.5,"y":0.5},"meshType":0}],[0],0,[0],[0],[0]],[[{"name":"yinying3","rect":{"x":3,"y":3,"width":791,"height":65},"offset":{"x":0,"y":0},"originalSize":{"width":791,"height":65},"rotated":true,"capInsets":[0,0,0,0],"packable":true,"pixelsToUnit":100,"pivot":{"x":0.5,"y":0.5},"meshType":0}],[0],0,[0],[0],[0]],[[{"name":"yinying2","rect":{"x":3,"y":800,"width":551,"height":63},"offset":{"x":-5,"y":1},"originalSize":{"width":561,"height":65},"rotated":false,"capInsets":[0,0,0,0],"packable":true,"pixelsToUnit":100,"pivot":{"x":0.5,"y":0.5},"meshType":0}],[0],0,[0],[0],[0]],[[{"name":"btn_sx","rect":{"x":298,"y":472,"width":133,"height":129},"offset":{"x":0,"y":0},"originalSize":{"width":133,"height":129},"rotated":true,"capInsets":[0,0,0,0],"packable":true,"pixelsToUnit":100,"pivot":{"x":0.5,"y":0.5},"meshType":0}],[0],0,[0],[0],[0]],[[{"name":"bl1","rect":{"x":361,"y":3,"width":211,"height":125},"offset":{"x":0,"y":0},"originalSize":{"width":211,"height":125},"rotated":false,"capInsets":[0,0,0,0],"packable":true,"pixelsToUnit":100,"pivot":{"x":0.5,"y":0.5},"meshType":0}],[0],0,[0],[0],[0]],[[{"name":"tl2","rect":{"x":195,"y":659,"width":106,"height":84},"offset":{"x":-0.5,"y":0.5},"originalSize":{"width":107,"height":85},"rotated":true,"capInsets":[0,0,0,0],"packable":true,"pixelsToUnit":100,"pivot":{"x":0.5,"y":0.5},"meshType":0}],[0],0,[0],[0],[0]],[[{"name":"btn_xxx2","rect":{"x":442,"y":200,"width":133,"height":129},"offset":{"x":0,"y":0},"originalSize":{"width":133,"height":129},"rotated":false,"capInsets":[0,0,0,0],"packable":true,"pixelsToUnit":100,"pivot":{"x":0.5,"y":0.5},"meshType":0}],[0],0,[0],[0],[0]],[[{"name":"guizi2","rect":{"x":74,"y":239,"width":230,"height":145},"offset":{"x":0,"y":0},"originalSize":{"width":230,"height":145},"rotated":true,"capInsets":[0,0,0,0],"packable":true,"pixelsToUnit":100,"pivot":{"x":0.5,"y":0.5},"meshType":0}],[0],0,[0],[0],[0]],[[{"name":"btn_hh","rect":{"x":489,"y":735,"width":47,"height":50},"offset":{"x":0,"y":0},"originalSize":{"width":47,"height":50},"rotated":true,"capInsets":[0,0,0,0],"packable":true,"pixelsToUnit":100,"pivot":{"x":0.5,"y":0.5},"meshType":0}],[0],0,[0],[0],[0]],[[{"name":"tip","rect":{"x":3,"y":869,"width":597,"height":55},"offset":{"x":0,"y":0},"originalSize":{"width":597,"height":55},"rotated":false,"capInsets":[0,0,0,0],"packable":true,"pixelsToUnit":100,"pivot":{"x":0.5,"y":0.5},"meshType":0}],[0],0,[0],[0],[0]],[[{"name":"jd_5","rect":{"x":74,"y":475,"width":218,"height":31},"offset":{"x":0,"y":0},"originalSize":{"width":218,"height":31},"rotated":false,"capInsets":[0,0,0,0],"packable":true,"pixelsToUnit":100,"pivot":{"x":0.5,"y":0.5},"meshType":0}],[0],0,[0],[0],[0]],[[{"name":"yinying1","rect":{"x":3,"y":930,"width":327,"height":65},"offset":{"x":-1.5,"y":0},"originalSize":{"width":330,"height":65},"rotated":false,"capInsets":[0,0,0,0],"packable":true,"pixelsToUnit":100,"pivot":{"x":0.5,"y":0.5},"meshType":0}],[0],0,[0],[0],[0]],[[{"name":"btn_dp","rect":{"x":433,"y":461,"width":133,"height":129},"offset":{"x":0,"y":0},"originalSize":{"width":133,"height":129},"rotated":false,"capInsets":[0,0,0,0],"packable":true,"pixelsToUnit":100,"pivot":{"x":0.5,"y":0.5},"meshType":0}],[0],0,[0],[0],[0]],[[{"name":"jd2","rect":{"x":3,"y":1001,"width":146,"height":17},"offset":{"x":0,"y":0},"originalSize":{"width":146,"height":17},"rotated":false,"capInsets":[0,0,0,0],"packable":true,"pixelsToUnit":100,"pivot":{"x":0.5,"y":0.5},"meshType":0}],[0],0,[0],[0],[0]],[[{"name":"img_ts","rect":{"x":336,"y":930,"width":264,"height":76},"offset":{"x":0,"y":0},"originalSize":{"width":264,"height":76},"rotated":false,"capInsets":[0,0,0,0],"packable":true,"pixelsToUnit":100,"pivot":{"x":0.5,"y":0.5},"meshType":0}],[0],0,[0],[0],[0]],[[{"name":"btn_bd","rect":{"x":443,"y":596,"width":133,"height":129},"offset":{"x":0,"y":0},"originalSize":{"width":133,"height":129},"rotated":true,"capInsets":[0,0,0,0],"packable":true,"pixelsToUnit":100,"pivot":{"x":0.5,"y":0.5},"meshType":0}],[0],0,[0],[0],[0]],[[{"name":"wm","rect":{"x":297,"y":611,"width":140,"height":99},"offset":{"x":0,"y":-0.5},"originalSize":{"width":140,"height":100},"rotated":false,"capInsets":[0,0,0,0],"packable":true,"pixelsToUnit":100,"pivot":{"x":0.5,"y":0.5},"meshType":0}],[0],0,[0],[0],[0]],[[{"name":"icon_suo","rect":{"x":417,"y":735,"width":59,"height":66},"offset":{"x":0,"y":0},"originalSize":{"width":59,"height":66},"rotated":true,"capInsets":[0,0,0,0],"packable":true,"pixelsToUnit":100,"pivot":{"x":0.5,"y":0.5},"meshType":0}],[0],0,[0],[0],[0]],[[{"name":"hjc","rect":{"x":225,"y":355,"width":198,"height":111},"offset":{"x":-0.5,"y":0},"originalSize":{"width":199,"height":111},"rotated":false,"capInsets":[0,0,0,0],"packable":true,"pixelsToUnit":100,"pivot":{"x":0.5,"y":0.5},"meshType":0}],[0],0,[0],[0],[0]]]]
