[1,["04eVRfV8NFXrMiZG5v0RUz@f9941","354mhzZQVEnYTIaoRNCIei@f9941","1eSwvt1IhBlLW/BpenenlJ@f9941","09mrh32xxMlYMOqxH2VL2l@f9941","8a2UY3dhVF2oaFWUYcBKe7@f9941","1c2J26pbhMOIkXiIzZx8XQ@f9941","9730hnrnRIz6mZSDy6ycxv","1eSwvt1IhBlLW/BpenenlJ@6c48a","354mhzZQVEnYTIaoRNCIei@6c48a","8a2UY3dhVF2oaFWUYcBKe7@6c48a","4dZNvjCjdDKq3OLMfBWqW6@f9941","18MIVLJSJHtq+NXJ5DudFx@f9941"],["node","_spriteFrame","root","_textureSource","_target","data","asset","labelTick"],[["cc.Node",["_name","_layer","_active","_objFlags","__editorExtras__","_prefab","_components","_parent","_children","_lpos","_lscale"],-2,4,9,1,2,5,5],["cc.Sprite",["_sizeMode","_isTrimmedMode","_type","node","__prefab","_spriteFrame"],0,1,4,6],"cc.SpriteFrame",["cc.Widget",["_alignFlags","_left","_top","node","__prefab"],0,1,4],["cc.Label",["_string","_actualFontSize","_fontSize","_lineHeight","_overflow","node","__prefab"],-2,1,4],["cc.Prefab",["_name"],2],["cc.Node",["_name","_layer","_parent","_components","_prefab","_lpos"],1,1,12,4,5],["cc.UITransform",["node","__prefab","_contentSize"],3,1,4,5],["cc.CompPrefabInfo",["fileId"],2],["3dacejXH+FCKJvYNd+LzdQ0",["uiType","node","__prefab"],2,1,4],["cc.PrefabInfo",["fileId","instance","targetOverrides","root","asset","nestedPrefabInstanceRoots"],0,1,1,2],["cc.PrefabInfo",["fileId","instance","targetOverrides","nestedPrefabInstanceRoots","root","asset"],-1,1,1],["cc.PrefabInfo",["fileId","targetOverrides","nestedPrefabInstanceRoots","root","instance","asset"],0,1,4,6],["cc.Button",["_transition","_zoomScale","node","__prefab","clickEvents","_normalColor","_target"],1,1,4,9,5,1],["cc.ClickEvent",["_componentId","handler","target"],1,1],["e858boYmuRNtaUbAZS8rSGo",["node","__prefab"],3,1,4],["cc.TargetInfo",["localID"],2],["6b9acTOKxRPKb2/9uu/YoaF",["node","__prefab"],3,1,4],["cc.PrefabInstance",["fileId","prefabRootNode","propertyOverrides"],2,1,9],["CCPropertyOverrideInfo",["value","propertyPath","targetInfo"],1,1],["CCPropertyOverrideInfo",["propertyPath","targetInfo","value"],2,1,8],["c3b43fuycJEPLI1Et7usH3D",["node","__prefab","labelTick"],3,1,4,1],["51142RfrX9DBphTxuZVxIcR",["node","__prefab"],3,1,4]],[[8,0,2],[7,0,1,2,1],[11,0,1,2,3,4,5,5],[0,0,1,7,6,5,9,3],[19,0,1,2,3],[1,0,3,4,5,2],[20,0,1,2,2],[5,0,2],[0,0,1,8,6,5,3],[1,2,0,3,4,5,3],[1,3,4,5,1],[13,0,1,2,3,4,5,6,3],[14,0,1,2,3],[15,0,1,1],[16,0,2],[0,0,2,1,7,8,6,5,9,4],[0,0,1,7,8,6,5,9,3],[0,0,1,7,6,5,10,3],[0,0,1,7,6,5,3],[0,3,4,7,5,3],[6,0,1,2,3,4,5,3],[3,0,3,4,2],[3,1,2,3,4,3],[9,0,1,2,2],[10,0,1,2,3,4,5,4],[12,0,1,2,3,4,5,4],[1,0,1,3,4,5,3],[1,0,1,3,4,3],[17,0,1,1],[4,0,1,2,3,5,6,5],[4,0,1,2,4,5,6,5],[18,0,1,2,2],[21,0,1,2,1],[22,0,1,1]],[[[[7,"UIGetReward"],[8,"UIGetReward",33554432,[-6,-7,-8,-9,-10,-11,-12],[[1,-3,[0,"ffYdE26y1AfadDE2VqJ1/Z"],[5,720,1600]],[21,45,-4,[0,"2alDDbyGZAKa4nXtKkYeNx"]],[23,1,-5,[0,"2fN5fK0UNA26Bn9hiRyu6l"]]],[24,"7cPhVtybpKYqm/jpThhV1l",null,[],-2,0,[-1]]],[15,"BtnTripleGet",false,33554432,1,[-18,-19],[[1,-13,[0,"24Eol7IulBNK8oYVJA7FPp"],[5,259,108]],[9,1,2,-14,[0,"a57yhx8whAtouwGo4uRrtl"],4],[11,3,1.1,-16,[0,"88/4UIY21BVolVqS73FUEn"],[[12,"3dacejXH+FCKJvYNd+LzdQ0","onBtnTripleGetClick",1]],[4,4292269782],-15],[13,-17,[0,"1484a8vy1MPJbjVPCr87Mo"]]],[2,"3an+/jU+VHNbBmaBuza+h9",null,null,null,1,0],[1,0,-270,0]],[16,"BtnNormlaGet",33554432,1,[-25],[[1,-20,[0,"8aQukjOGlGG70rbe97yrrz"],[5,259,108]],[9,1,2,-21,[0,"56xsg/4MJIVJ35K3owyKNV"],6],[11,3,1.1,-23,[0,"bb9kyqKHdH/59oK4TtjAE6"],[[12,"3dacejXH+FCKJvYNd+LzdQ0","onBtnNormalGetClick",1]],[4,4292269782],-22],[13,-24,[0,"5e+uo4/ERIg4zwz0T9wWmG"]]],[2,"4cHCsbGStItZ26LBKnNBo1",null,null,null,1,0],[1,0,-360,0]],[14,["f2AWmxhlFHkbLMHoU0sQHK"]],[17,"light",33554432,1,[[1,-26,[0,"77UgJ5MjxKYZWkkd+BtI0C"],[5,508,536]],[26,2,false,-27,[0,"7aLIC7sx1BiK+TNlZymHho"],0],[28,-28,[0,"e2+1Vf/jdNHba66M6dAQeA"]]],[2,"62jyYPEY9EU7l28GFRJi3V",null,null,null,1,0],[1,1.5,1.5,1]],[14,["f3Bka97HBLC70aYs8RpRDZ"]],[3,"gxhd",33554432,1,[[1,-29,[0,"5dJNQCP9ZBUqhjNK9QPlh0"],[5,452,125]],[5,0,-30,[0,"1f2mNwdhBL9q1i3CWbE660"],1]],[2,"75eIKVX6BC07/4IlIxuOv8",null,null,null,1,0],[1,0,270,0]],[18,"Icon",33554432,1,[[1,-31,[0,"8dCEhonSNDKrT8yS6C2d32"],[5,172,144]],[27,2,false,-32,[0,"38ogTjb7ZKdK/OnjalLQIg"]]],[2,"93qHbyqvxDI6IXJiGp8D0T",null,null,null,1,0]],[3,"LbCnt",33554432,1,[[1,-33,[0,"6fRULsbVBNqryp/d/edy+V"],[5,50.6953125,63]],[29,"x1",48,48,50,-34,[0,"cfE7t+/lJML45l2/gEAsoU"]]],[2,"bdurOr3vhOg7+ic9vV37IN",null,null,null,1,0],[1,0,-150,0]],[3,"shipin1",33554432,2,[[1,-35,[0,"fabPRSV5BNF49NFTH6AKEx"],[5,55,42]],[10,-36,[0,"e2wl1TlptIVKIKLFxY/9P0"],2]],[2,"b3dEKwq6pEn6lwocq1g03C",null,null,null,1,0],[1,-92,8,0]],[3,"djlq",33554432,2,[[1,-37,[0,"5dT+We3gFHgIuxoBKQri9w"],[5,183,48]],[5,0,-38,[0,"03gOKyZpVGa6SXYyI+MFv7"],3]],[2,"8eC52xWSxCtodOn+tdQnfl",null,null,null,1,0],[1,29,8,0]],[3,"hdjl2",33554432,3,[[1,-39,[0,"5bHJSiO15NmZ9ZWiu+wyQH"],[5,177,47]],[10,-40,[0,"b8XKGk/QRIrIntzQEF9bAM"],5]],[2,"dbN5QW85BLlpzpRy87JbSk",null,null,null,1,0],[1,0,7,0]],[19,0,{},1,[25,"f3Bka97HBLC70aYs8RpRDZ",null,null,-41,[31,"2934abxu9IYpFAcPiqECA5",1,[[4,"CoinItem",["_name"],6],[6,["_lpos"],6,[1,-150,645,0]],[6,["_lrot"],6,[3,0,0,0,1]],[6,["_euler"],6,[1,0,0,0]],[4,17,["_alignFlags"],4],[4,130,["_left"],4],[4,124,["_top"],4],[4,9,["_lockFlags"],4],[4,-150,["_horizontalCenter"],4]]],7]]],0,[0,-1,13,0,2,1,0,0,1,0,0,1,0,0,1,0,-1,5,0,-2,7,0,-3,8,0,-4,9,0,-5,2,0,-6,3,0,-7,13,0,0,2,0,0,2,0,4,2,0,0,2,0,0,2,0,-1,10,0,-2,11,0,0,3,0,0,3,0,4,3,0,0,3,0,0,3,0,-1,12,0,0,5,0,0,5,0,0,5,0,0,7,0,0,7,0,0,8,0,0,8,0,0,9,0,0,9,0,0,10,0,0,10,0,0,11,0,0,11,0,0,12,0,0,12,0,2,13,0,5,1,41],[0,0,0,0,0,0,0,0],[1,1,1,1,1,1,1,6],[1,2,3,4,0,5,0,6]],[[{"name":"gxhd","rect":{"x":0,"y":0,"width":452,"height":125},"offset":{"x":0,"y":0},"originalSize":{"width":452,"height":125},"rotated":false,"capInsets":[0,0,0,0],"vertices":{"rawPosition":[-226,-62.5,0,226,-62.5,0,-226,62.5,0,226,62.5,0],"indexes":[0,1,2,2,1,3],"uv":[0,125,452,125,0,0,452,0],"nuv":[0,0,1,0,0,1,1,1],"minPos":{"x":-226,"y":-62.5,"z":0},"maxPos":{"x":226,"y":62.5,"z":0}},"packable":true,"pixelsToUnit":100,"pivot":{"x":0.5,"y":0.5},"meshType":0}],[2],0,[0],[3],[7]],[[{"name":"light","rect":{"x":0,"y":0,"width":508,"height":536},"offset":{"x":0,"y":0},"originalSize":{"width":508,"height":536},"rotated":false,"capInsets":[0,0,0,0],"vertices":{"rawPosition":[-254,-268,0,254,-268,0,-254,268,0,254,268,0],"indexes":[0,1,2,2,1,3],"uv":[0,536,508,536,0,0,508,0],"nuv":[0,0,1,0,0,1,1,1],"minPos":{"x":-254,"y":-268,"z":0},"maxPos":{"x":254,"y":268,"z":0}},"packable":true,"pixelsToUnit":100,"pivot":{"x":0.5,"y":0.5},"meshType":0}],[2],0,[0],[3],[8]],[[{"name":"sbjlq","rect":{"x":0,"y":0,"width":176,"height":45},"offset":{"x":0,"y":0},"originalSize":{"width":176,"height":45},"rotated":false,"capInsets":[0,0,0,0],"vertices":{"rawPosition":[-88,-22.5,0,88,-22.5,0,-88,22.5,0,88,22.5,0],"indexes":[0,1,2,2,1,3],"uv":[0,45,176,45,0,0,176,0],"nuv":[0,0,1,0,0,1,1,1],"minPos":{"x":-88,"y":-22.5,"z":0},"maxPos":{"x":88,"y":22.5,"z":0}},"packable":true,"pixelsToUnit":100,"pivot":{"x":0.5,"y":0.5},"meshType":0}],[2],0,[0],[3],[9]],[[[7,"CoinItem"],[8,"CoinItem",33554432,[-7,-8],[[1,-2,[0,"a5DChytv9Gc4whCvdJJJc0"],[5,159,62]],[5,2,-3,[0,"b5aHWYa25Cubdk7hGqv/qS"],1],[22,263.5,770,-4,[0,"f2AWmxhlFHkbLMHoU0sQHK"]],[32,-6,[0,"88yW7+V/NNbpl+Dvr13lfQ"],-5]],[2,"f3Bka97HBLC70aYs8RpRDZ",null,null,null,-1,0]],[20,"LbCoin",33554432,1,[[[1,-9,[0,"c1zpRuQEVBtYWjSicAX7/l"],[5,100,50.4]],[30,"0",37,36,2,-10,[0,"77SVudf41FUatSUpDFo+Sc"]],-11],4,4,1],[2,"a2UJNzhkRF+qM2uM7bQQM5",null,null,null,1,0],[1,16,0,0]],[3,"Icon",33554432,1,[[1,-12,[0,"b3YxYnWuRA+oPpmeJDp/Bu"],[5,73,74]],[5,2,-13,[0,"6eiBfTQ5JGB6qwFIc4hsIg"],0]],[2,"f7E0x/40NBR7tm/VYelJez",null,null,null,1,0],[1,-70,0,0]],[33,2,[0,"6blVu4C6tJgI+qzPAOi9NA"]]],0,[0,2,1,0,0,1,0,0,1,0,0,1,0,7,4,0,0,1,0,-1,3,0,-2,2,0,0,2,0,0,2,0,-3,4,0,0,3,0,0,3,0,5,1,13],[0,0],[1,1],[10,11]]]]
