[1,["17f2977ee@6c48a"],["_textureSource"],["cc.SpriteFrame"],0,[[[{"name":"gs24","rect":{"x":3,"y":3,"width":58,"height":114},"offset":{"x":-0.5,"y":-0.5},"originalSize":{"width":59,"height":115},"rotated":true,"capInsets":[0,0,0,0],"packable":true,"pixelsToUnit":100,"pivot":{"x":0.5,"y":0.5},"meshType":0}],[0],0,[0],[0],[0]],[[{"name":"gs27","rect":{"x":123,"y":3,"width":39,"height":114},"offset":{"x":0.5,"y":0},"originalSize":{"width":40,"height":114},"rotated":true,"capInsets":[0,0,0,0],"packable":true,"pixelsToUnit":100,"pivot":{"x":0.5,"y":0.5},"meshType":0}],[0],0,[0],[0],[0]],[[{"name":"gs21","rect":{"x":3,"y":509,"width":67,"height":84},"offset":{"x":0,"y":0},"originalSize":{"width":67,"height":84},"rotated":true,"capInsets":[0,0,0,0],"packable":true,"pixelsToUnit":100,"pivot":{"x":0.5,"y":0.5},"meshType":0}],[0],0,[0],[0],[0]],[[{"name":"gs11","rect":{"x":106,"y":178,"width":64,"height":97},"offset":{"x":0,"y":0},"originalSize":{"width":64,"height":97},"rotated":true,"capInsets":[0,0,0,0],"packable":true,"pixelsToUnit":100,"pivot":{"x":0.5,"y":0.5},"meshType":0}],[0],0,[0],[0],[0]],[[{"name":"gs10","rect":{"x":91,"y":614,"width":68,"height":81},"offset":{"x":-0.5,"y":0.5},"originalSize":{"width":69,"height":82},"rotated":true,"capInsets":[0,0,0,0],"packable":true,"pixelsToUnit":100,"pivot":{"x":0.5,"y":0.5},"meshType":0}],[0],0,[0],[0],[0]],[[{"name":"gs37","rect":{"x":85,"y":760,"width":66,"height":75},"offset":{"x":-0.5,"y":-0.5},"originalSize":{"width":67,"height":76},"rotated":true,"capInsets":[0,0,0,0],"packable":true,"pixelsToUnit":100,"pivot":{"x":0.5,"y":0.5},"meshType":0}],[0],0,[0],[0],[0]],[[{"name":"gs32","rect":{"x":215,"y":125,"width":53,"height":94},"offset":{"x":0,"y":0},"originalSize":{"width":53,"height":94},"rotated":false,"capInsets":[0,0,0,0],"packable":true,"pixelsToUnit":100,"pivot":{"x":0.5,"y":0.5},"meshType":0}],[0],0,[0],[0],[0]],[[{"name":"gs26","rect":{"x":3,"y":367,"width":67,"height":87},"offset":{"x":0,"y":0},"originalSize":{"width":67,"height":87},"rotated":true,"capInsets":[0,0,0,0],"packable":true,"pixelsToUnit":100,"pivot":{"x":0.5,"y":0.5},"meshType":0}],[0],0,[0],[0],[0]],[[{"name":"gs1","rect":{"x":84,"y":832,"width":68,"height":73},"offset":{"x":0,"y":0},"originalSize":{"width":68,"height":73},"rotated":true,"capInsets":[0,0,0,0],"packable":true,"pixelsToUnit":100,"pivot":{"x":0.5,"y":0.5},"meshType":0}],[0],0,[0],[0],[0]],[[{"name":"gs17","rect":{"x":3,"y":715,"width":70,"height":76},"offset":{"x":0,"y":0},"originalSize":{"width":70,"height":76},"rotated":true,"capInsets":[0,0,0,0],"packable":true,"pixelsToUnit":100,"pivot":{"x":0.5,"y":0.5},"meshType":0}],[0],0,[0],[0],[0]],[[{"name":"gs20","rect":{"x":181,"y":546,"width":73,"height":81},"offset":{"x":0,"y":0},"originalSize":{"width":73,"height":81},"rotated":true,"capInsets":[0,0,0,0],"packable":true,"pixelsToUnit":100,"pivot":{"x":0.5,"y":0.5},"meshType":0}],[0],0,[0],[0],[0]],[[{"name":"gs28","rect":{"x":89,"y":688,"width":66,"height":78},"offset":{"x":0,"y":0},"originalSize":{"width":66,"height":78},"rotated":true,"capInsets":[0,0,0,0],"packable":true,"pixelsToUnit":100,"pivot":{"x":0.5,"y":0.5},"meshType":0}],[0],0,[0],[0],[0]],[[{"name":"gs5","rect":{"x":166,"y":776,"width":68,"height":74},"offset":{"x":0,"y":0},"originalSize":{"width":68,"height":74},"rotated":true,"capInsets":[0,0,0,0],"packable":true,"pixelsToUnit":100,"pivot":{"x":0.5,"y":0.5},"meshType":0}],[0],0,[0],[0],[0]],[[{"name":"gs2","rect":{"x":3,"y":937,"width":67,"height":71},"offset":{"x":0,"y":0},"originalSize":{"width":67,"height":71},"rotated":false,"capInsets":[0,0,0,0],"packable":true,"pixelsToUnit":100,"pivot":{"x":0.5,"y":0.5},"meshType":0}],[0],0,[0],[0],[0]],[[{"name":"gs39","rect":{"x":3,"y":67,"width":60,"height":101},"offset":{"x":0,"y":0},"originalSize":{"width":60,"height":101},"rotated":true,"capInsets":[0,0,0,0],"packable":true,"pixelsToUnit":100,"pivot":{"x":0.5,"y":0.5},"meshType":0}],[0],0,[0],[0],[0]],[[{"name":"gs23","rect":{"x":3,"y":208,"width":73,"height":95},"offset":{"x":0,"y":0},"originalSize":{"width":73,"height":95},"rotated":true,"capInsets":[0,0,0,0],"packable":true,"pixelsToUnit":100,"pivot":{"x":0.5,"y":0.5},"meshType":0}],[0],0,[0],[0],[0]],[[{"name":"gs29","rect":{"x":97,"y":320,"width":69,"height":87},"offset":{"x":0,"y":0},"originalSize":{"width":69,"height":87},"rotated":true,"capInsets":[0,0,0,0],"packable":true,"pixelsToUnit":100,"pivot":{"x":0.5,"y":0.5},"meshType":0}],[0],0,[0],[0],[0]],[[{"name":"gs14","rect":{"x":189,"y":396,"width":72,"height":80},"offset":{"x":0,"y":0},"originalSize":{"width":72,"height":80},"rotated":true,"capInsets":[0,0,0,0],"packable":true,"pixelsToUnit":100,"pivot":{"x":0.5,"y":0.5},"meshType":0}],[0],0,[0],[0],[0]],[[{"name":"gs3","rect":{"x":123,"y":48,"width":71,"height":103},"offset":{"x":0,"y":0},"originalSize":{"width":71,"height":103},"rotated":true,"capInsets":[0,0,0,0],"packable":true,"pixelsToUnit":100,"pivot":{"x":0.5,"y":0.5},"meshType":0}],[0],0,[0],[0],[0]],[[{"name":"gs38","rect":{"x":95,"y":467,"width":67,"height":85},"offset":{"x":-0.5,"y":0},"originalSize":{"width":68,"height":85},"rotated":true,"capInsets":[0,0,0,0],"packable":true,"pixelsToUnit":100,"pivot":{"x":0.5,"y":0.5},"meshType":0}],[0],0,[0],[0],[0]],[[{"name":"gs36","rect":{"x":96,"y":395,"width":66,"height":87},"offset":{"x":0,"y":0},"originalSize":{"width":66,"height":87},"rotated":true,"capInsets":[0,0,0,0],"packable":true,"pixelsToUnit":100,"pivot":{"x":0.5,"y":0.5},"meshType":0}],[0],0,[0],[0],[0]],[[{"name":"gs7","rect":{"x":186,"y":474,"width":66,"height":83},"offset":{"x":0,"y":0},"originalSize":{"width":66,"height":83},"rotated":true,"capInsets":[0,0,0,0],"packable":true,"pixelsToUnit":100,"pivot":{"x":0.5,"y":0.5},"meshType":0}],[0],0,[0],[0],[0]],[[{"name":"gs25","rect":{"x":178,"y":625,"width":71,"height":78},"offset":{"x":0,"y":0},"originalSize":{"width":71,"height":78},"rotated":true,"capInsets":[0,0,0,0],"packable":true,"pixelsToUnit":100,"pivot":{"x":0.5,"y":0.5},"meshType":0}],[0],0,[0],[0],[0]],[[{"name":"gs19","rect":{"x":173,"y":702,"width":68,"height":76},"offset":{"x":0,"y":0},"originalSize":{"width":68,"height":76},"rotated":true,"capInsets":[0,0,0,0],"packable":true,"pixelsToUnit":100,"pivot":{"x":0.5,"y":0.5},"meshType":0}],[0],0,[0],[0],[0]],[[{"name":"gs8","rect":{"x":3,"y":791,"width":63,"height":75},"offset":{"x":0,"y":0},"originalSize":{"width":63,"height":75},"rotated":true,"capInsets":[0,0,0,0],"packable":true,"pixelsToUnit":100,"pivot":{"x":0.5,"y":0.5},"meshType":0}],[0],0,[0],[0],[0]],[[{"name":"gs30","rect":{"x":93,"y":540,"width":68,"height":82},"offset":{"x":0,"y":0},"originalSize":{"width":68,"height":82},"rotated":true,"capInsets":[0,0,0,0],"packable":true,"pixelsToUnit":100,"pivot":{"x":0.5,"y":0.5},"meshType":0}],[0],0,[0],[0],[0]],[[{"name":"gs9","rect":{"x":152,"y":924,"width":64,"height":66},"offset":{"x":0,"y":0},"originalSize":{"width":64,"height":66},"rotated":false,"capInsets":[0,0,0,0],"packable":true,"pixelsToUnit":100,"pivot":{"x":0.5,"y":0.5},"meshType":0}],[0],0,[0],[0],[0]],[[{"name":"gs13","rect":{"x":3,"y":287,"width":74,"height":88},"offset":{"x":0,"y":0},"originalSize":{"width":74,"height":88},"rotated":true,"capInsets":[0,0,0,0],"packable":true,"pixelsToUnit":100,"pivot":{"x":0.5,"y":0.5},"meshType":0}],[0],0,[0],[0],[0]],[[{"name":"gs15","rect":{"x":190,"y":323,"width":67,"height":79},"offset":{"x":0,"y":0},"originalSize":{"width":67,"height":79},"rotated":true,"capInsets":[0,0,0,0],"packable":true,"pixelsToUnit":100,"pivot":{"x":0.5,"y":0.5},"meshType":0}],[0],0,[0],[0],[0]],[[{"name":"gs12","rect":{"x":76,"y":937,"width":70,"height":70},"offset":{"x":0,"y":0},"originalSize":{"width":70,"height":70},"rotated":false,"capInsets":[0,0,0,0],"packable":true,"pixelsToUnit":100,"pivot":{"x":0.5,"y":0.5},"meshType":0}],[0],0,[0],[0],[0]],[[{"name":"gs18","rect":{"x":163,"y":850,"width":70,"height":68},"offset":{"x":0,"y":0},"originalSize":{"width":70,"height":70},"rotated":false,"capInsets":[0,0,0,0],"packable":true,"pixelsToUnit":100,"pivot":{"x":0.5,"y":0.5},"meshType":0}],[0],0,[0],[0],[0]],[[{"name":"gs33","rect":{"x":110,"y":125,"width":47,"height":99},"offset":{"x":0,"y":0},"originalSize":{"width":47,"height":99},"rotated":true,"capInsets":[0,0,0,0],"packable":true,"pixelsToUnit":100,"pivot":{"x":0.5,"y":0.5},"meshType":0}],[0],0,[0],[0],[0]],[[{"name":"gs16","rect":{"x":3,"y":133,"width":69,"height":97},"offset":{"x":0,"y":0},"originalSize":{"width":69,"height":97},"rotated":true,"capInsets":[0,0,0,0],"packable":true,"pixelsToUnit":100,"pivot":{"x":0.5,"y":0.5},"meshType":0}],[0],0,[0],[0],[0]],[[{"name":"gs31","rect":{"x":3,"y":582,"width":55,"height":82},"offset":{"x":0,"y":0},"originalSize":{"width":55,"height":82},"rotated":true,"capInsets":[0,0,0,0],"packable":true,"pixelsToUnit":100,"pivot":{"x":0.5,"y":0.5},"meshType":0}],[0],0,[0],[0],[0]],[[{"name":"gs22","rect":{"x":3,"y":643,"width":66,"height":80},"offset":{"x":0,"y":0},"originalSize":{"width":66,"height":80},"rotated":true,"capInsets":[0,0,0,0],"packable":true,"pixelsToUnit":100,"pivot":{"x":0.5,"y":0.5},"meshType":0}],[0],0,[0],[0],[0]],[[{"name":"gs4","rect":{"x":3,"y":860,"width":71,"height":71},"offset":{"x":0,"y":0},"originalSize":{"width":71,"height":71},"rotated":false,"capInsets":[0,0,0,0],"packable":true,"pixelsToUnit":100,"pivot":{"x":0.5,"y":0.5},"meshType":0}],[0],0,[0],[0],[0]],[[{"name":"gs34","rect":{"x":209,"y":225,"width":57,"height":92},"offset":{"x":0.5,"y":0},"originalSize":{"width":58,"height":92},"rotated":false,"capInsets":[0,0,0,0],"packable":true,"pixelsToUnit":100,"pivot":{"x":0.5,"y":0.5},"meshType":0}],[0],0,[0],[0],[0]],[[{"name":"gs6","rect":{"x":104,"y":248,"width":66,"height":94},"offset":{"x":0,"y":0},"originalSize":{"width":66,"height":94},"rotated":true,"capInsets":[0,0,0,0],"packable":true,"pixelsToUnit":100,"pivot":{"x":0.5,"y":0.5},"meshType":0}],[0],0,[0],[0],[0]],[[{"name":"gs35","rect":{"x":3,"y":440,"width":63,"height":86},"offset":{"x":-0.5,"y":0},"originalSize":{"width":64,"height":86},"rotated":true,"capInsets":[0,0,0,0],"packable":true,"pixelsToUnit":100,"pivot":{"x":0.5,"y":0.5},"meshType":0}],[0],0,[0],[0],[0]]]]
