[1,["94zQKdb+5HU61LHDbrKQD/@f9941","9bW1Dshh5MDLA3n0TrZwXj","94zQKdb+5HU61LHDbrKQD/@6c48a"],["node","root","data","_file","_spriteFrame","_textureSource","spriteFrame"],["cc.SpriteFrame",["cc.Prefab",["_name"],2],["cc.Node",["_name","_layer","_components","_prefab"],1,9,4],["cc.UITransform",["node","__prefab","_contentSize"],3,1,4,5],["cc.CompPrefabInfo",["fileId"],2],["cc.ParticleSystem2D",["_name","_dstBlendFactor","duration","emissionRate","life","angle","angleVar","startSize","endSize","speed","speedVar","tangentialAccel","autoRemoveOnFinish","_totalParticles","node","__prefab","posVar","_file","_spriteFrame"],-11,1,4,5,6,6],["cc.PrefabInfo",["fileId","instance","targetOverrides","nestedPrefabInstanceRoots","root","asset"],-1,1,1],["cc.ParticleAsset",["_name","_native"],1]],[[4,0,2],[1,0,2],[2,0,1,2,3,3],[3,0,1,2,1],[5,0,1,2,3,4,5,6,7,8,9,10,11,12,13,14,15,16,17,18,15],[6,0,1,2,3,4,5,5],[7,0,1,3]],[[[[1,"ParMerge"],[2,"ParMerge",33554432,[[3,-2,[0,"30vivNj/VM84U4zf3D8lnP"],[5,0,0]],[4,"Node<ParticleSystem2D>",1,0.1,50,0.3,0,360,20,40,100,0,0,true,50,-3,[0,"52ygVnr4hK8opPhyVs+udD"],[0,2,2],0,1]],[5,"455Kg5Uc5BoqFqx2Y4qGVH",null,null,null,-1,0]]],0,[0,1,1,0,0,1,0,0,1,0,2,1,3],[0,0],[3,4],[1,0]],[[{"name":"xc_tx","rect":{"x":2,"y":1,"width":88,"height":88},"offset":{"x":0.5,"y":0},"originalSize":{"width":91,"height":90},"rotated":false,"capInsets":[0,0,0,0],"vertices":{"rawPosition":[-44,-44,0,44,-44,0,-44,44,0,44,44,0],"indexes":[0,1,2,2,1,3],"uv":[2,89,90,89,2,1,90,1],"nuv":[0.02197802197802198,0.011111111111111112,0.989010989010989,0.011111111111111112,0.02197802197802198,0.9888888888888889,0.989010989010989,0.9888888888888889],"minPos":{"x":-44,"y":-44,"z":0},"maxPos":{"x":44,"y":44,"z":0}},"packable":true,"pixelsToUnit":100,"pivot":{"x":0.5,"y":0.5},"meshType":0}],[0],0,[0],[5],[2]],[[[6,"merge",".plist"],-1],0,0,[0],[6],[0]]]]
