[1,["40X+n9A4xDmpKyNFBcHH5r@6c48a"],["_textureSource"],["cc.SpriteFrame"],0,[{"name":"icon_dp","rect":{"x":0,"y":0,"width":151,"height":171},"offset":{"x":0,"y":0},"originalSize":{"width":151,"height":171},"rotated":false,"capInsets":[0,0,0,0],"vertices":{"rawPosition":[-75.5,-85.5,0,75.5,-85.5,0,-75.5,85.5,0,75.5,85.5,0],"indexes":[0,1,2,2,1,3],"uv":[0,171,151,171,0,0,151,0],"nuv":[0,0,1,0,0,1,1,1],"minPos":{"x":-75.5,"y":-85.5,"z":0},"maxPos":{"x":75.5,"y":85.5,"z":0}},"packable":true,"pixelsToUnit":100,"pivot":{"x":0.5,"y":0.5},"meshType":0}],[0],0,[0],[0],[0]]
