[1,["1ebc3be02@6c48a"],["_textureSource"],["cc.SpriteFrame"],0,[[[{"name":"btn_huang","rect":{"x":3,"y":71,"width":259,"height":108},"offset":{"x":0,"y":0},"originalSize":{"width":259,"height":108},"rotated":true,"capInsets":[0,0,0,0],"packable":true,"pixelsToUnit":100,"pivot":{"x":0.5,"y":0.5},"meshType":0}],[0],0,[0],[0],[0]],[[{"name":"shipin1","rect":{"x":117,"y":490,"width":55,"height":42},"offset":{"x":0,"y":0},"originalSize":{"width":55,"height":42},"rotated":true,"capInsets":[0,0,0,0],"packable":true,"pixelsToUnit":100,"pivot":{"x":0.5,"y":0.5},"meshType":0}],[0],0,[0],[0],[0]],[[{"name":"dk1","rect":{"x":3,"y":3,"width":159,"height":62},"offset":{"x":0,"y":0},"originalSize":{"width":159,"height":62},"rotated":false,"capInsets":[0,0,0,0],"packable":true,"pixelsToUnit":100,"pivot":{"x":0.5,"y":0.5},"meshType":0}],[0],0,[0],[0],[0]],[[{"name":"btn_lan","rect":{"x":3,"y":336,"width":259,"height":108},"offset":{"x":0,"y":0},"originalSize":{"width":259,"height":108},"rotated":true,"capInsets":[0,0,0,0],"packable":true,"pixelsToUnit":100,"pivot":{"x":0.5,"y":0.5},"meshType":0}],[0],0,[0],[0],[0]],[[{"name":"hdjl2","rect":{"x":117,"y":262,"width":177,"height":47},"offset":{"x":0,"y":0},"originalSize":{"width":177,"height":47},"rotated":true,"capInsets":[0,0,0,0],"packable":true,"pixelsToUnit":100,"pivot":{"x":0.5,"y":0.5},"meshType":0}],[0],0,[0],[0],[0]],[[{"name":"shezhi","rect":{"x":81,"y":866,"width":74,"height":73},"offset":{"x":0,"y":0},"originalSize":{"width":74,"height":73},"rotated":false,"capInsets":[0,0,0,0],"packable":true,"pixelsToUnit":100,"pivot":{"x":0.5,"y":0.5},"meshType":0}],[0],0,[0],[0],[0]],[[{"name":"red_point","rect":{"x":117,"y":445,"width":39,"height":47},"offset":{"x":-0.5,"y":-1.5},"originalSize":{"width":64,"height":64},"rotated":true,"capInsets":[0,0,0,0],"packable":true,"pixelsToUnit":100,"pivot":{"x":0.5,"y":0.5},"meshType":0}],[0],0,[0],[0],[0]],[[{"name":"shipin3","rect":{"x":117,"y":551,"width":55,"height":42},"offset":{"x":0,"y":0},"originalSize":{"width":55,"height":42},"rotated":true,"capInsets":[0,0,0,0],"packable":true,"pixelsToUnit":100,"pivot":{"x":0.5,"y":0.5},"meshType":0}],[0],0,[0],[0],[0]],[[{"name":"xingxing","rect":{"x":81,"y":945,"width":73,"height":74},"offset":{"x":0,"y":0},"originalSize":{"width":73,"height":74},"rotated":false,"capInsets":[0,0,0,0],"packable":true,"pixelsToUnit":100,"pivot":{"x":0.5,"y":0.5},"meshType":0}],[0],0,[0],[0],[0]],[[{"name":"btn_lv","rect":{"x":3,"y":601,"width":259,"height":108},"offset":{"x":0,"y":0},"originalSize":{"width":259,"height":108},"rotated":true,"capInsets":[0,0,0,0],"packable":true,"pixelsToUnit":100,"pivot":{"x":0.5,"y":0.5},"meshType":0}],[0],0,[0],[0],[0]],[[{"name":"nz","rect":{"x":3,"y":866,"width":72,"height":77},"offset":{"x":0.5,"y":0},"originalSize":{"width":73,"height":77},"rotated":false,"capInsets":[0,0,0,0],"packable":true,"pixelsToUnit":100,"pivot":{"x":0.5,"y":0.5},"meshType":0}],[0],0,[0],[0],[0]],[[{"name":"hsjl","rect":{"x":117,"y":71,"width":185,"height":49},"offset":{"x":0,"y":0},"originalSize":{"width":185,"height":49},"rotated":true,"capInsets":[0,0,0,0],"packable":true,"pixelsToUnit":100,"pivot":{"x":0.5,"y":0.5},"meshType":0}],[0],0,[0],[0],[0]],[[{"name":"btn_gb","rect":{"x":3,"y":949,"width":58,"height":59},"offset":{"x":0,"y":0},"originalSize":{"width":58,"height":59},"rotated":false,"capInsets":[0,0,0,0],"packable":true,"pixelsToUnit":100,"pivot":{"x":0.5,"y":0.5},"meshType":0}],[0],0,[0],[0],[0]]]]
