[1,["2eDV1g5URAookHwEAvNqI7@6c48a"],["_textureSource"],["cc.SpriteFrame"],0,[{"name":"转换道具","rect":{"x":0,"y":0,"width":159,"height":44},"offset":{"x":0,"y":0},"originalSize":{"width":159,"height":44},"rotated":false,"capInsets":[0,0,0,0],"vertices":{"rawPosition":[-79.5,-22,0,79.5,-22,0,-79.5,22,0,79.5,22,0],"indexes":[0,1,2,2,1,3],"uv":[0,44,159,44,0,0,159,0],"nuv":[0,0,1,0,0,1,1,1],"minPos":{"x":-79.5,"y":-22,"z":0},"maxPos":{"x":79.5,"y":22,"z":0}},"packable":true,"pixelsToUnit":100,"pivot":{"x":0.5,"y":0.5},"meshType":0}],[0],0,[0],[0],[0]]
