[1,["2e3r9bCRxP0ZoCsx8Cje/1@6c48a"],["_textureSource"],["cc.SpriteFrame"],0,[{"name":"立即消除三组物品","rect":{"x":0,"y":0,"width":200,"height":30},"offset":{"x":0,"y":0},"originalSize":{"width":200,"height":30},"rotated":false,"capInsets":[0,0,0,0],"vertices":{"rawPosition":[-100,-15,0,100,-15,0,-100,15,0,100,15,0],"indexes":[0,1,2,2,1,3],"uv":[0,30,200,30,0,0,200,0],"nuv":[0,0,1,0,0,1,1,1],"minPos":{"x":-100,"y":-15,"z":0},"maxPos":{"x":100,"y":15,"z":0}},"packable":true,"pixelsToUnit":100,"pivot":{"x":0.5,"y":0.5},"meshType":0}],[0],0,[0],[0],[0]]
