[1,["0eI8YecgNNwrs9SrifciRM@6c48a"],["_textureSource"],["cc.SpriteFrame"],0,[{"name":"icon_sx","rect":{"x":0,"y":0,"width":213,"height":179},"offset":{"x":0,"y":0},"originalSize":{"width":213,"height":179},"rotated":false,"capInsets":[0,0,0,0],"vertices":{"rawPosition":[-106.5,-89.5,0,106.5,-89.5,0,-106.5,89.5,0,106.5,89.5,0],"indexes":[0,1,2,2,1,3],"uv":[0,179,213,179,0,0,213,0],"nuv":[0,0,1,0,0,1,1,1],"minPos":{"x":-106.5,"y":-89.5,"z":0},"maxPos":{"x":106.5,"y":89.5,"z":0}},"packable":true,"pixelsToUnit":100,"pivot":{"x":0.5,"y":0.5},"meshType":0}],[0],0,[0],[0],[0]]
