[1,["1ebf5e42a@6c48a"],["_textureSource"],["cc.SpriteFrame"],0,[[[{"name":"ls16","rect":{"x":116,"y":436,"width":56,"height":85},"offset":{"x":0,"y":0},"originalSize":{"width":56,"height":85},"rotated":false,"capInsets":[0,0,0,0],"packable":true,"pixelsToUnit":100,"pivot":{"x":0.5,"y":0.5},"meshType":0}],[0],0,[0],[0],[0]],[[{"name":"ls18","rect":{"x":3,"y":870,"width":62,"height":84},"offset":{"x":0,"y":0},"originalSize":{"width":62,"height":84},"rotated":true,"capInsets":[0,0,0,0],"packable":true,"pixelsToUnit":100,"pivot":{"x":0.5,"y":0.5},"meshType":0}],[0],0,[0],[0],[0]],[[{"name":"ls21","rect":{"x":123,"y":111,"width":49,"height":109},"offset":{"x":0,"y":0},"originalSize":{"width":49,"height":109},"rotated":false,"capInsets":[0,0,0,0],"packable":true,"pixelsToUnit":100,"pivot":{"x":0.5,"y":0.5},"meshType":0}],[0],0,[0],[0],[0]],[[{"name":"ls7","rect":{"x":3,"y":439,"width":36,"height":105},"offset":{"x":0,"y":0},"originalSize":{"width":36,"height":105},"rotated":true,"capInsets":[0,0,0,0],"packable":true,"pixelsToUnit":100,"pivot":{"x":0.5,"y":0.5},"meshType":0}],[0],0,[0],[0],[0]],[[{"name":"ls10","rect":{"x":108,"y":613,"width":64,"height":90},"offset":{"x":0,"y":0},"originalSize":{"width":64,"height":90},"rotated":false,"capInsets":[0,0,0,0],"packable":true,"pixelsToUnit":100,"pivot":{"x":0.5,"y":0.5},"meshType":0}],[0],0,[0],[0],[0]],[[{"name":"ls17","rect":{"x":98,"y":790,"width":55,"height":70},"offset":{"x":0,"y":0},"originalSize":{"width":55,"height":70},"rotated":true,"capInsets":[0,0,0,0],"packable":true,"pixelsToUnit":100,"pivot":{"x":0.5,"y":0.5},"meshType":0}],[0],0,[0],[0],[0]],[[{"name":"ls13","rect":{"x":124,"y":3,"width":46,"height":102},"offset":{"x":0,"y":0},"originalSize":{"width":46,"height":102},"rotated":false,"capInsets":[0,0,0,0],"packable":true,"pixelsToUnit":100,"pivot":{"x":0.5,"y":0.5},"meshType":0}],[0],0,[0],[0],[0]],[[{"name":"ls15","rect":{"x":96,"y":851,"width":65,"height":65},"offset":{"x":0,"y":0},"originalSize":{"width":65,"height":65},"rotated":false,"capInsets":[0,0,0,0],"packable":true,"pixelsToUnit":100,"pivot":{"x":0.5,"y":0.5},"meshType":0}],[0],0,[0],[0],[0]],[[{"name":"ls12","rect":{"x":3,"y":50,"width":55,"height":114},"offset":{"x":0,"y":0},"originalSize":{"width":55,"height":114},"rotated":true,"capInsets":[0,0,0,0],"packable":true,"pixelsToUnit":100,"pivot":{"x":0.5,"y":0.5},"meshType":0}],[0],0,[0],[0],[0]],[[{"name":"ls1","rect":{"x":3,"y":682,"width":57,"height":94},"offset":{"x":0,"y":0},"originalSize":{"width":57,"height":94},"rotated":true,"capInsets":[0,0,0,0],"packable":true,"pixelsToUnit":100,"pivot":{"x":0.5,"y":0.5},"meshType":0}],[0],0,[0],[0],[0]],[[{"name":"ls5","rect":{"x":103,"y":709,"width":67,"height":75},"offset":{"x":0,"y":0},"originalSize":{"width":67,"height":75},"rotated":false,"capInsets":[0,0,0,0],"packable":true,"pixelsToUnit":100,"pivot":{"x":0.5,"y":0.5},"meshType":0}],[0],0,[0],[0],[0]],[[{"name":"ls19","rect":{"x":3,"y":232,"width":62,"height":111},"offset":{"x":0.5,"y":0},"originalSize":{"width":63,"height":111},"rotated":true,"capInsets":[0,0,0,0],"packable":true,"pixelsToUnit":100,"pivot":{"x":0.5,"y":0.5},"meshType":0}],[0],0,[0],[0],[0]],[[{"name":"ls20","rect":{"x":123,"y":226,"width":49,"height":109},"offset":{"x":0,"y":0},"originalSize":{"width":49,"height":109},"rotated":false,"capInsets":[0,0,0,0],"packable":true,"pixelsToUnit":100,"pivot":{"x":0.5,"y":0.5},"meshType":0}],[0],0,[0],[0],[0]],[[{"name":"ls27","rect":{"x":120,"y":341,"width":51,"height":89},"offset":{"x":0,"y":0},"originalSize":{"width":51,"height":89},"rotated":false,"capInsets":[0,0,0,0],"packable":true,"pixelsToUnit":100,"pivot":{"x":0.5,"y":0.5},"meshType":0}],[0],0,[0],[0],[0]],[[{"name":"ls9","rect":{"x":3,"y":938,"width":58,"height":83},"offset":{"x":0,"y":0},"originalSize":{"width":58,"height":83},"rotated":false,"capInsets":[0,0,0,0],"packable":true,"pixelsToUnit":100,"pivot":{"x":0.5,"y":0.5},"meshType":0}],[0],0,[0],[0],[0]],[[{"name":"ls25","rect":{"x":3,"y":481,"width":53,"height":102},"offset":{"x":0,"y":0},"originalSize":{"width":53,"height":102},"rotated":true,"capInsets":[0,0,0,0],"packable":true,"pixelsToUnit":100,"pivot":{"x":0.5,"y":0.5},"meshType":0}],[0],0,[0],[0],[0]],[[{"name":"ls23","rect":{"x":3,"y":390,"width":43,"height":107},"offset":{"x":0,"y":0},"originalSize":{"width":43,"height":107},"rotated":true,"capInsets":[0,0,0,0],"packable":true,"pixelsToUnit":100,"pivot":{"x":0.5,"y":0.5},"meshType":0}],[0],0,[0],[0],[0]],[[{"name":"ls24","rect":{"x":3,"y":614,"width":62,"height":99},"offset":{"x":0,"y":0},"originalSize":{"width":62,"height":99},"rotated":true,"capInsets":[0,0,0,0],"packable":true,"pixelsToUnit":100,"pivot":{"x":0.5,"y":0.5},"meshType":0}],[0],0,[0],[0],[0]],[[{"name":"ls28","rect":{"x":3,"y":745,"width":51,"height":89},"offset":{"x":0,"y":0},"originalSize":{"width":51,"height":89},"rotated":true,"capInsets":[0,0,0,0],"packable":true,"pixelsToUnit":100,"pivot":{"x":0.5,"y":0.5},"meshType":0}],[0],0,[0],[0],[0]],[[{"name":"ls6","rect":{"x":3,"y":3,"width":41,"height":115},"offset":{"x":0,"y":0},"originalSize":{"width":41,"height":115},"rotated":true,"capInsets":[0,0,0,0],"packable":true,"pixelsToUnit":100,"pivot":{"x":0.5,"y":0.5},"meshType":0}],[0],0,[0],[0],[0]],[[{"name":"ls8","rect":{"x":3,"y":540,"width":68,"height":99},"offset":{"x":0,"y":0},"originalSize":{"width":68,"height":99},"rotated":true,"capInsets":[0,0,0,0],"packable":true,"pixelsToUnit":100,"pivot":{"x":0.5,"y":0.5},"meshType":0}],[0],0,[0],[0],[0]],[[{"name":"ls22","rect":{"x":3,"y":802,"width":62,"height":87},"offset":{"x":0,"y":0},"originalSize":{"width":62,"height":87},"rotated":true,"capInsets":[0,0,0,0],"packable":true,"pixelsToUnit":100,"pivot":{"x":0.5,"y":0.5},"meshType":0}],[0],0,[0],[0],[0]],[[{"name":"ls26","rect":{"x":3,"y":345,"width":39,"height":109},"offset":{"x":0,"y":0},"originalSize":{"width":39,"height":109},"rotated":true,"capInsets":[0,0,0,0],"packable":true,"pixelsToUnit":100,"pivot":{"x":0.5,"y":0.5},"meshType":0}],[0],0,[0],[0],[0]],[[{"name":"ls14","rect":{"x":3,"y":300,"width":39,"height":111},"offset":{"x":0,"y":0},"originalSize":{"width":39,"height":111},"rotated":true,"capInsets":[0,0,0,0],"packable":true,"pixelsToUnit":100,"pivot":{"x":0.5,"y":0.5},"meshType":0}],[0],0,[0],[0],[0]],[[{"name":"ls11","rect":{"x":3,"y":111,"width":55,"height":114},"offset":{"x":0,"y":0},"originalSize":{"width":55,"height":114},"rotated":true,"capInsets":[0,0,0,0],"packable":true,"pixelsToUnit":100,"pivot":{"x":0.5,"y":0.5},"meshType":0}],[0],0,[0],[0],[0]],[[{"name":"ls3","rect":{"x":67,"y":938,"width":63,"height":81},"offset":{"x":0,"y":0},"originalSize":{"width":63,"height":81},"rotated":false,"capInsets":[0,0,0,0],"packable":true,"pixelsToUnit":100,"pivot":{"x":0.5,"y":0.5},"meshType":0}],[0],0,[0],[0],[0]],[[{"name":"ls4","rect":{"x":3,"y":172,"width":54,"height":114},"offset":{"x":0,"y":0},"originalSize":{"width":54,"height":114},"rotated":true,"capInsets":[0,0,0,0],"packable":true,"pixelsToUnit":100,"pivot":{"x":0.5,"y":0.5},"meshType":0}],[0],0,[0],[0],[0]],[[{"name":"ls2","rect":{"x":111,"y":527,"width":61,"height":80},"offset":{"x":0,"y":0},"originalSize":{"width":61,"height":80},"rotated":false,"capInsets":[0,0,0,0],"packable":true,"pixelsToUnit":100,"pivot":{"x":0.5,"y":0.5},"meshType":0}],[0],0,[0],[0],[0]]]]
