[1,["03rLut845Ika+QVeRlsJdL@6c48a"],["_textureSource"],["cc.SpriteFrame"],0,[{"name":"icon_xxx2","rect":{"x":0,"y":0,"width":216,"height":210},"offset":{"x":0,"y":0},"originalSize":{"width":216,"height":210},"rotated":false,"capInsets":[0,0,0,0],"vertices":{"rawPosition":[-108,-105,0,108,-105,0,-108,105,0,108,105,0],"indexes":[0,1,2,2,1,3],"uv":[0,210,216,210,0,0,216,0],"nuv":[0,0,1,0,0,1,1,1],"minPos":{"x":-108,"y":-105,"z":0},"maxPos":{"x":108,"y":105,"z":0}},"packable":true,"pixelsToUnit":100,"pivot":{"x":0.5,"y":0.5},"meshType":0}],[0],0,[0],[0],[0]]
