[1,["88tCO2gY5DQpqEop9tQQ4C@6c48a"],["_textureSource"],["cc.SpriteFrame"],0,[{"name":"icon_xxb","rect":{"x":0,"y":0,"width":192,"height":187},"offset":{"x":0,"y":0},"originalSize":{"width":192,"height":187},"rotated":false,"capInsets":[0,0,0,0],"vertices":{"rawPosition":[-96,-93.5,0,96,-93.5,0,-96,93.5,0,96,93.5,0],"indexes":[0,1,2,2,1,3],"uv":[0,187,192,187,0,0,192,0],"nuv":[0,0,1,0,0,1,1,1],"minPos":{"x":-96,"y":-93.5,"z":0},"maxPos":{"x":96,"y":93.5,"z":0}},"packable":true,"pixelsToUnit":100,"pivot":{"x":0.5,"y":0.5},"meshType":0}],[0],0,[0],[0],[0]]
