[1,["b0a1FIezhKD6xTO110Pu1+@f9941","000PlY11pIy44UZBvQGdVG@f9941","393ZQfmUZP85fpGP8au7pz@6c48a","f0xDnI2gpE45Nr9zuNgFbY@f9941","d14eY0njRP9IlU2ytI4Vh8@f9941","e7XDZ2siRK/LkZbTVCzQCk@f9941","8a6Jd1LY9CLZejmEboN7jh@f9941","9dyhT/FT9IOJOcSUbyPnpD@f9941","c1/Ii/HwNMzaAo9Ltwhszl@f9941","6a5CKNPW9GZanG4OQlczWh@f9941","b3s0Uy4UlBFJrMpNgHpUBD@f9941","fetFTBBq1DHLnP5WjlJpvo","871ow76XhA86tZY5ORX6QN","4fqfPIqSNMJoPAuoBqIJX4","09m4y4GO9Otq2S8ZK7uc2N","393ZQfmUZP85fpGP8au7pz@f9941","209tAg2khK2aNZEAAxgBhM@f9941","21vdAUdU1PoriDFemL+8+g@f9941","41meJTYyhP55iYvM1a9idH@f9941","97XeGuPxtEo6EP5+SgmBsP@f9941","30QhV7DABMkrbs/p9b/PNs@f9941","favgGDZPpB57UCm3tfNrwO@f9941","90jvegbkBN77jzZZvahqJ7@f9941"],["node","_spriteFrame","_target","root","data","_textureSource","tip","comboBox","shelveBox","bg","iconShake","tipBreath","shelveLockerPre","chain","glass","lbCnt","lbBg"],[["cc.Node",["_name","_layer","_prefab","_components","_parent","_children","_lpos","_lscale"],1,4,9,1,2,5,5],["cc.Widget",["_alignFlags","_originalWidth","_bottom","_originalHeight","_left","_right","_verticalCenter","node","__prefab"],-4,1,4],["cc.Sprite",["_type","_sizeMode","_fillRange","node","__prefab","_spriteFrame"],0,1,4,6],["cc.Node",["_name","_layer","_active","_parent","_components","_prefab","_lpos","_children"],0,1,12,4,5,2],["cc.Layout",["_layoutType","_resizeMode","_spacingX","node","__prefab"],0,1,4],["cc.Label",["_string","_actualFontSize","_fontSize","_lineHeight","_enableOutline","_verticalAlign","_enableWrapText","node","__prefab","_color","_outlineColor"],-4,1,4,5,5],["cc.UITransform",["node","__prefab","_contentSize","_anchorPoint"],3,1,4,5,5],["2840flXNXFIw61GRpqk0Yl7",["shakeAngle","delay","node","__prefab"],1,1,4],"cc.SpriteFrame",["cc.Prefab",["_name"],2],["cc.CompPrefabInfo",["fileId"],2],["c58abNYUNtGTaELPAn63nuw",["node","__prefab","bg","shelveBox","comboBox","tip","shelvePreArr","shelveLockerPre"],3,1,4,1,1,1,1,3,6],["cc.PrefabInfo",["fileId","instance","targetOverrides","nestedPrefabInstanceRoots","root","asset"],-1,1,1],["91afeFPhJ5NMIErfu4XaCg6",["node","__prefab","skillCntTips","tipBreath","iconShake"],3,1,4,2,1,1],["cc.Button",["_transition","_zoomScale","node","__prefab","clickEvents","_normalColor","_target"],1,1,4,9,5,1],["cc.ClickEvent",["_componentId","handler","target"],1,1],["e858boYmuRNtaUbAZS8rSGo",["safeTime","node","__prefab"],2,1,4],["9d4c9kNag1CYLOnxCSHLbtq",["node","__prefab"],3,1,4],["cc.ProgressBar",["_mode","_progress","node","__prefab","_barSprite"],1,1,4,1],["75d5bkvGiFM3oYCJK1pcaui",["node","__prefab","progressBar","lbCombo"],3,1,4,1,1],["2b95fT+AlBNDITnn29g4dF4",["node","__prefab","lbBg","lbCnt","glass","chain"],3,1,4,1,1,1,1],["cc.BlockInputEvents",["node","__prefab"],3,1,4]],[[10,0,2],[12,0,1,2,3,4,5,5],[6,0,1,2,1],[2,3,4,5,1],[0,0,1,4,5,3,2,6,3],[0,0,1,4,3,2,6,3],[3,0,1,3,4,5,6,3],[2,0,1,3,4,5,3],[14,0,1,2,3,4,5,6,3],[15,0,1,2,3],[16,0,1,2,2],[5,0,1,2,3,7,8,5],[9,0,2],[3,0,1,3,4,5,3],[6,0,1,2,3,1],[0,0,1,5,3,2,3],[0,0,1,4,3,2,6,7,3],[3,0,1,3,7,4,5,6,3],[7,2,3,1],[0,0,1,3,2,3],[0,0,1,4,5,2,3],[0,0,1,4,3,2,3],[3,0,2,1,3,4,5,6,4],[1,0,1,3,7,8,4],[1,0,4,5,2,1,7,8,6],[1,0,2,1,7,8,4],[1,0,6,7,8,3],[1,0,7,8,2],[11,0,1,2,3,4,5,6,7,1],[4,1,0,2,3,4,4],[4,0,3,4,2],[4,1,0,3,4,3],[13,0,1,2,3,4,1],[2,0,1,3,4,3],[2,0,1,2,3,4,4],[2,3,4,1],[7,0,1,2,3,3],[5,0,5,1,2,3,6,4,7,8,9,10,8],[5,0,1,2,3,4,7,8,9,10,6],[17,0,1,1],[18,0,1,2,3,4,3],[19,0,1,2,3,1],[20,0,1,2,3,4,5,1],[21,0,1,1]],[[[{"name":"bg_gs","rect":{"x":0,"y":0,"width":720,"height":1600},"offset":{"x":0,"y":0},"originalSize":{"width":720,"height":1600},"rotated":false,"capInsets":[0,0,0,0],"vertices":{"rawPosition":[-360,-800,0,360,-800,0,-360,800,0,360,800,0],"indexes":[0,1,2,2,1,3],"uv":[0,1600,720,1600,0,0,720,0],"nuv":[0,0,1,0,0,1,1,1],"minPos":{"x":-360,"y":-800,"z":0},"maxPos":{"x":360,"y":800,"z":0}},"packable":false,"pixelsToUnit":100,"pivot":{"x":0.5,"y":0.5},"meshType":0}],[8],0,[0],[5],[2]],[[[12,"Stage"],[15,"Stage",33554432,[-9,-10,-11,-12,-13],[[2,-2,[0,"f30qhVrGhGN6d+gza8RMfI"],[5,720,1600]],[23,45,100,100,-3,[0,"d2cQ4PuZJMwJ02Buf5xq+q"]],[28,-8,[0,"4dU3cHuDFAx5qW207szAJR"],-7,-6,-5,-4,[17,18,19],16]],[1,"a6fkaMOyJMKJjqJr+95cye",null,null,null,-1,0]],[4,"SkillBox",33554432,1,[-24,-25,-26,-27],[[2,-14,[0,"75wsLqxjFKkYT7hFW0pvY0"],[5,652,130]],[29,1,1,40,-15,[0,"26NnxcIBJIxZFJFr91F4bt"]],[24,4,310,310,290,100,-16,[0,"a40oLEZoRGaIfElrEqprez"]],[32,-23,[0,"905uiAErZN/4e3f0dhEliw"],[-19,-20,-21,-22],-18,-17]],[1,"4drzQsEl5BCJw/jNNM+odX",null,null,null,1,0],[1,0,-445,0]],[4,"BtnEraseOneGroup",33554432,2,[-32,-33,-34,-35],[[2,-28,[0,"18eBQI4SFFg4EWxWesBGhF"],[5,133,129]],[8,3,1.1,-30,[0,"3eg0ogUQVJYZJbk+mHcaCm"],[[9,"91afeFPhJ5NMIErfu4XaCg6","onBtnEraseOneGroupClick",2]],[4,4292269782],-29],[10,1,-31,[0,"ae8OAHc1lOhrOTkCjPODrV"]]],[1,"50f1Awho5K4Zxrl7f69TGx",null,null,null,1,0],[1,-86.5,0,0]],[4,"BtnFreezeTime",33554432,2,[-41,-42],[[2,-36,[0,"d7NM+Zt0dKyqqCCLbzr6Uz"],[5,133,129]],[7,1,2,-37,[0,"fa3ml57GZCx6MeFYv8ak81"],2],[8,3,1.1,-39,[0,"11dWo1ttRF94Q0v+U6+PwD"],[[9,"91afeFPhJ5NMIErfu4XaCg6","onBtnFreezeTimeClick",2]],[4,4292269782],-38],[10,1,-40,[0,"88QGEomTFOUJM8aeaE/LVH"]]],[1,"a4zkTs0qhB+5N6Woy8iTDB",null,null,null,1,0],[1,-259.5,0,0]],[4,"BtnRefreshPos",33554432,2,[-48,-49],[[2,-43,[0,"c0YCC0h69IRpO5TRVSngBT"],[5,133,129]],[7,1,2,-44,[0,"59Cbym37RKO6LM6xJ2EhUL"],9],[8,3,1.1,-46,[0,"be5jZMDQRFMJirfMEM9rCP"],[[9,"91afeFPhJ5NMIErfu4XaCg6","onBtnRefreshPositionClick",2]],[4,4292269782],-45],[10,1,-47,[0,"4amSOII/lDKKjU0RTQ4tGF"]]],[1,"19pp89mjFHlKBsSkQJjem2",null,null,null,1,0],[1,86.5,0,0]],[4,"BtnDoubleCoin",33554432,2,[-55,-56],[[2,-50,[0,"4bMFlvZ+pNg4AlGTA5E73o"],[5,133,129]],[7,1,2,-51,[0,"1aBh+LEPJCzI0vbFTwAoG7"],12],[8,3,1.1,-53,[0,"3dchOdf+hJ7IZTcM+01d4W"],[[9,"91afeFPhJ5NMIErfu4XaCg6","onBtnDoubleCoinClick",2]],[4,4292269782],-52],[10,1,-54,[0,"935O7Cb1JKGb/5NUrXt8dc"]]],[1,"bf7GNwZ1xPg5i8V6s9ak+y",null,null,null,1,0],[1,259.5,0,0]],[17,"ComboBox",33554432,1,[-60,-61],[[[2,-57,[0,"a95tteKytHKoZ8NmTZs2zz"],[5,720,100]],[25,44,440,100,-58,[0,"6bs9EWhqZA2LXx83xbtoyJ"]],-59],4,4,1],[1,"a81UnZmclAqJioyfRB2HQp",null,null,null,1,0],[1,0,-310,0]],[5,"ShelveBox",33554432,1,[[2,-62,[0,"b7uRP9CZVGsraGK7TI0m/B"],[5,300,200]],[30,3,-63,[0,"d3qh6U3blIKaRf/jhlUyRl"]],[26,18,100,-64,[0,"e3gPPT0URAg7Ble7+5mUUa"]]],[1,"a6dMsmkvtKTaahrAMkOrc5",null,null,null,1,0],[1,0,100,0]],[17,"ProgressBar",33554432,7,[-68],[[[2,-65,[0,"98IR2NdfdJW4Ba6KFWVo1o"],[5,218,31]],[7,1,2,-66,[0,"53R04ew+BM0LTHeM4bW5tz"],13],-67],4,4,1],[1,"62o7XHiDdBpKWoh+g3dDVO",null,null,null,1,0],[1,0,-30,0]],[4,"Layout",33554432,7,[-71,-72],[[2,-69,[0,"09Z/+WRANBRbdEMWqP5TDE"],[5,132.0322265625,0]],[31,1,1,-70,[0,"34Q9gnNhNMZ4Wnwfz7U2cj"]]],[1,"e5IbCckgRN9a1NIbd1V6d4",null,null,null,1,0],[1,0,-11,0]],[5,"tip",33554432,1,[[2,-73,[0,"2bOYeFo/JMErwsleHlW1JB"],[5,597,55]],[3,-74,[0,"26vcyCF+5KjZXrx0LlKaBG"],15],[36,5,5,-75,[0,"995bthlVtBt5j56vESgqR0"]]],[1,"63GAjYr8ZDR5XeFzy/fFnI",null,null,null,1,0],[1,0,420,0]],[13,"Bg",33554432,1,[[[2,-76,[0,"776HezXmFFgoYg27BVZmLe"],[5,720,1600]],-77,[27,4,-78,[0,"26jrsXJ7ZGUoOsRmK3s3m2"]]],4,1,4],[1,"37bz8vhbRCK6qG07sZwYdd",null,null,null,1,0]],[4,"btn_hy",33554432,4,[-81],[[2,-79,[0,"19wYZL151FMqKX4yKzC7r4"],[5,47,50]],[3,-80,[0,"9aU6PbVzBLFb/OpiYx3/FO"],1]],[1,"ffMUwoAv1Mk4aMDEbG2ICI",null,null,null,1,0],[1,50,50,0]],[13,"Icon",33554432,3,[[[2,-82,[0,"93+/D17wtFObTSi503cmpv"],[5,133,129]],[7,1,2,-83,[0,"61siMt94RJmIqXIEaZx+qX"],3],-84],4,4,1],[1,"75yJdtLo5CbKlI7WWnHdLi",null,null,null,1,0]],[4,"btn_hy",33554432,3,[-87],[[2,-85,[0,"de9RG037ZDX7yv05tW4PGu"],[5,47,50]],[3,-86,[0,"01VS4ltsFC5KG7EbY5Y6Ki"],5]],[1,"e0KhgXgvJCNa1RJklqPhlL",null,null,null,1,0],[1,50,50,0]],[22,"img_ts",false,33554432,3,[[[14,-88,[0,"26g5FaPm5JmaeQuN02jriG"],[5,264,76],[0,0.18,0]],[3,-89,[0,"a5LFx9yFZF1KsikRKFfM9O"],6],-90],4,4,1],[1,"d9oaUwzDFJR42XSqUvhDKw",null,null,null,1,0],[1,4,69,0]],[4,"btn_hy",33554432,5,[-93],[[2,-91,[0,"94kvKGRM9GXrqN/842wTCV"],[5,47,50]],[3,-92,[0,"dfWIKuu9hLUaIeWZCxJTN7"],8]],[1,"27CZAalrRFgpVW2bRWxS2w",null,null,null,1,0],[1,50,50,0]],[4,"btn_hy",33554432,6,[-96],[[2,-94,[0,"71hE/nZmhAOZmKs43yytB4"],[5,47,50]],[3,-95,[0,"7aRLbfe7lJCZn5n2xnoqTR"],11]],[1,"42ELwJ2xNJ6audas8ZHe1G",null,null,null,1,0],[1,50,50,0]],[5,"btn_hh",33554432,4,[[2,-97,[0,"d0alX3dmJP+LxsTwTvuQMe"],[5,47,50]],[3,-98,[0,"e0IiX6ZtlJeqjRggrbJrIu"],0]],[1,"c1gMn1uolGXLaHjWWanCvV",null,null,null,1,0],[1,50,50,0]],[6,"LbCnt",33554432,13,[[[2,-99,[0,"99TasdXctPvqaQA08B5dGb"],[5,17.796875,42.84]],-100],4,1],[1,"c0Rw+V/OdD1bGUwJO3V4pq",null,null,null,1,0],[1,0,3,0]],[5,"btn_hh",33554432,3,[[2,-101,[0,"67k4/BtRNLVb7YIX1AvUCQ"],[5,47,50]],[3,-102,[0,"f8JNbGww1FfqAxJRtBNE5f"],4]],[1,"bb1oQEEpdAwq3DzquifWib",null,null,null,1,0],[1,50,50,0]],[6,"LbCnt",33554432,15,[[[2,-103,[0,"c0IYw4/kxMYag5iT3rnKHU"],[5,17.796875,42.84]],-104],4,1],[1,"65TWafuZ1NMJJ5cvt9La1y",null,null,null,1,0],[1,0,3,0]],[5,"btn_hh",33554432,5,[[2,-105,[0,"a85pDnX31FqIuWjjJIX27X"],[5,47,50]],[3,-106,[0,"4dd7WZvstBPZqE/uWeJDHj"],7]],[1,"26CNa0tJ1D5rzIMUfiyH8C",null,null,null,1,0],[1,50,50,0]],[6,"LbCnt",33554432,17,[[[2,-107,[0,"1bulXh5LNF7Y8a7NHYSj0Y"],[5,17.796875,42.84]],-108],4,1],[1,"45yD3gu65EF6r+vj44blf7",null,null,null,1,0],[1,0,3,0]],[5,"btn_hh",33554432,6,[[2,-109,[0,"807XO/7apPBZqWXfVbpsf9"],[5,47,50]],[3,-110,[0,"802Ah2O3JPz4J2pI+PcXYD"],10]],[1,"7bIJoUQgBN1K9LJHH5+Cm6",null,null,null,1,0],[1,50,50,0]],[6,"LbCnt",33554432,18,[[[2,-111,[0,"c2GHmfiE5LiqJv8hkpJjoY"],[5,17.796875,42.84]],-112],4,1],[1,"13b1Zza7ZHb77OMVF1gTmr",null,null,null,1,0],[1,0,3,0]],[6,"Bar",33554432,9,[[[14,-113,[0,"9epU3HoXVLhLaQWeiHFM6U"],[5,213,26],[0,0,0.5]],-114],4,1],[1,"21g04/IvlBGog9Q4tcgSgp",null,null,null,1,0],[1,-106,0,0]],[5,"lj",33554432,10,[[2,-115,[0,"9dTTUFMKFP0bFIn5SkfOx9"],[5,71,35]],[3,-116,[0,"d6ORCjzmZIgK2N9Uyr9nHp"],14]],[1,"adKmhGcnJGDo+6aPNKHs7S",null,null,null,1,0],[1,-30.51611328125,17.5,0]],[6,"LbCombo",33554432,10,[[[2,-117,[0,"d8kBjcuCVMha3DAWBoSTHA"],[5,61.0322265625,72.04]],-118],4,1],[1,"c2ZFrGO1VKx4zBXHkvajfx",null,null,null,1,0],[1,35.5,22.02,0]],[33,1,2,12,[0,"d8qeTGNgpH5ZgaN91Asi7p"]],[11,"0",32,32,34,20,[0,"65wAWDGH9NvLHLNvjXFype"]],[18,14,[0,"cfJuDfd3ZJm5uzK2PPIRwe"]],[11,"0",32,32,34,22,[0,"27JvzS+MBBmaG4kPrZ+4JW"]],[39,16,[0,"e2Qi1ALRtMvpUE+S6RT0aj"]],[11,"0",32,32,34,24,[0,"aesunhFD1AFqB1FIbJ/c+3"]],[11,"0",32,32,34,26,[0,"03Vns50B5CIK7UK4ePG62U"]],[34,3,2,1,27,[0,"3eTj7BDf9E/apTslrQGLUS"]],[40,2,1,9,[0,"6567KWuRVMwrDPqn8f9GEp"],37],[37,"x1",2,54,54,54,false,true,29,[0,"984Oy6HHZCY5DctD8yDHnE"],[4,4286180351],[4,4278204384]],[41,7,[0,"a5EfbJO/BMUZ63yCcymi0P"],38,39]],0,[0,3,1,0,0,1,0,0,1,0,6,11,0,7,40,0,8,8,0,9,30,0,0,1,0,-1,12,0,-2,8,0,-3,2,0,-4,7,0,-5,11,0,0,2,0,0,2,0,0,2,0,10,32,0,11,34,0,-1,31,0,-2,33,0,-3,35,0,-4,36,0,0,2,0,-1,4,0,-2,3,0,-3,5,0,-4,6,0,0,3,0,2,3,0,0,3,0,0,3,0,-1,14,0,-2,21,0,-3,15,0,-4,16,0,0,4,0,0,4,0,2,4,0,0,4,0,0,4,0,-1,19,0,-2,13,0,0,5,0,0,5,0,2,5,0,0,5,0,0,5,0,-1,23,0,-2,17,0,0,6,0,0,6,0,2,6,0,0,6,0,0,6,0,-1,25,0,-2,18,0,0,7,0,0,7,0,-3,40,0,-1,9,0,-2,10,0,0,8,0,0,8,0,0,8,0,0,9,0,0,9,0,-3,38,0,-1,27,0,0,10,0,0,10,0,-1,28,0,-2,29,0,0,11,0,0,11,0,0,11,0,0,12,0,-2,30,0,0,12,0,0,13,0,0,13,0,-1,20,0,0,14,0,0,14,0,-3,32,0,0,15,0,0,15,0,-1,22,0,0,16,0,0,16,0,-3,34,0,0,17,0,0,17,0,-1,24,0,0,18,0,0,18,0,-1,26,0,0,19,0,0,19,0,0,20,0,-2,31,0,0,21,0,0,21,0,0,22,0,-2,33,0,0,23,0,0,23,0,0,24,0,-2,35,0,0,25,0,0,25,0,0,26,0,-2,36,0,0,27,0,-2,37,0,0,28,0,0,28,0,0,29,0,-2,39,0,4,1,118],[0,0,0,0,0,0,0,0,0,0,0,0,0,0,0,0,0,0,0,0,30,37],[1,1,1,1,1,1,1,1,1,1,1,1,1,1,1,1,12,-1,-2,-3,1,1],[0,1,3,4,0,1,5,0,1,6,0,1,7,8,9,10,11,12,13,14,15,16]],[[[12,"EmptyShelve"],[19,"EmptyShelve",33554432,[[2,-2,[0,"c470M6U0dFpLT808Tq/1xx"],[5,230,145]]],[1,"1aO1MfYKdILbYP3cQR241f",null,null,null,-1,0]]],0,[0,3,1,0,0,1,0,4,1,2],[],[],[]],[[[12,"ShelveLocker"],[15,"ShelveLocker",33554432,[-9,-10,-11,-12,-13],[[2,-2,[0,"88+i8mySZB5JXRz7DolDV8"],[5,230,145]],[42,-7,[0,"53Bk09wpVEbaxF5Q+q2/1A"],-6,-5,-4,-3],[43,-8,[0,"315Z8Ed6RNDpo3Xwaah8vO"]]],[1,"dfE+NL75BJE6rgypvg3MBa",null,null,null,-1,0]],[20,"Chain",33554432,1,[-14,-15,-16],[1,"aaoDhSaThN8oR2DskdpCB4",null,null,null,1,0]],[5,"LbBg",33554432,1,[[2,-17,[0,"b4IWGGcjhAq62UifJuK6Nb"],[5,33,33]],[3,-18,[0,"782fpU1AtJhbn+WRT3hJKe"],0]],[1,"a8SsGL2kBNfrSZogIxp9at",null,null,null,1,0],[1,0,32,0]],[5,"BtnUnlock",33554432,1,[[14,-19,[0,"48zctLLzRLlLt8ckA4jGZN"],[5,59,66],[0,0.65,0.9]],[3,-20,[0,"36HKB6mFpDTLbCsYIpKOEC"],4],[18,-21,[0,"4aiGV6iy1LcK7VazX45NnC"]]],[1,"70U8fGJN5PhakBVsqL28iJ",null,null,null,1,0],[1,0,-10,0]],[13,"Glass",33554432,1,[[[2,-22,[0,"edhtg5F7NDBqXc9QyDot3v"],[5,211,125]],-23],4,1],[1,"08Z1AxFHVL/Y+zL4GNGfXl",null,null,null,1,0]],[6,"LbCnt",33554432,1,[[[2,-24,[0,"5398OOe11HkrmEWAzRcthC"],[5,17.34765625,36.76]],-25],4,1],[1,"4eM/PWiBtMs6qT9Ee3dx4m",null,null,null,1,0],[1,0,33,0]],[21,"tl1",33554432,2,[[2,-26,[0,"f7/cH68NtME5SAzjCy4DZ0"],[5,215,130]],[3,-27,[0,"63VVfvDWxDPre5WQ1Y+oKz"],1]],[1,"19Vs2iR09KjIku4AJyUcXr",null,null,null,1,0]],[16,"tl2",33554432,2,[[2,-28,[0,"11FoHY5ipDraceQRvAojQN"],[5,106,84]],[3,-29,[0,"ccSf6LO0BNtaNbB9XVVEEj"],2]],[1,"9fCMc7vJ1Me5RVwNU+ZUqR",null,null,null,1,0],[1,52,20,0],[1,-1,1,1]],[16,"tl3",33554432,2,[[2,-30,[0,"31QqZC9apOCrdoJ1kzp0UD"],[5,126,60]],[3,-31,[0,"74Yd1P+jJOfoY5pZsDUiYA"],3]],[1,"fbqmMl41ZJmrKovpaF07na",null,null,null,1,0],[1,-42,-33,0],[1,-1,1,1]],[35,5,[0,"17lL7vlu9Ew5FA+btlIpTi"]],[38,"0",24,24,26,true,6,[0,"b18CMr5f9A6Y+kPzxnE28e"],[4,4286180351],[4,4278204384]]],0,[0,3,1,0,0,1,0,13,2,0,14,10,0,15,11,0,16,3,0,0,1,0,0,1,0,-1,5,0,-2,3,0,-3,6,0,-4,2,0,-5,4,0,-1,7,0,-2,8,0,-3,9,0,0,3,0,0,3,0,0,4,0,0,4,0,0,4,0,0,5,0,-2,10,0,0,6,0,-2,11,0,0,7,0,0,7,0,0,8,0,0,8,0,0,9,0,0,9,0,4,1,31],[0,0,0,0,0,10],[1,1,1,1,1,1],[17,18,19,20,21,22]]]]
