[1,["89vV0YnU9PLba4ykhCXy1Q","29L6DVUpBIDpD9+2r0qjqz@f9941","45tJNiZzBAaI0OUMeCnoKp@6c48a","92YTFAdbtKR6tjzCicr3qv@6c48a","92YTFAdbtKR6tjzCicr3qv@f9941","97xbYCLoJIFo3zlXLsv/YO@f9941","3dnajm/XdJZ6yVH7LAUspH@f9941","6drjRRSyxPrZ83N5gzHAUS@f9941","45tJNiZzBAaI0OUMeCnoKp@f9941","6aX8yA2u1LlaBx9sH2+lbg@f9941","f5+jAvEBtLMpRTNZvtt1pj@f9941","33w+eESTlEmJg/kuxqVpbH@f9941","ebkPAcFJZCjoN5gLbSLmY/@f9941","dby2WA5JVBybkJEO3KZjCp@f9941","23a2+8d6VH7oiTaSKJYnaA@f9941","9730hnrnRIz6mZSDy6ycxv","bc+g3bA0BD65sPWMMHSkji@f9941","fdFbio3G1HmbCS+EjcfKos@f9941"],["node","_spriteFrame","_target","root","_parent","asset","_textureSource","tip","_indicator","_content","lbProgress","progressBar","data","value"],[["cc.Node",["_name","_layer","_objFlags","__editorExtras__","_prefab","_components","_parent","_children","_lpos","_lscale"],-1,4,9,1,2,5,5],["cc.Widget",["_alignFlags","_originalWidth","_originalHeight","_right","_left","_horizontalCenter","_verticalCenter","_bottom","_top","node","__prefab"],-6,1,4],["cc.UITransform",["_name","node","__prefab","_contentSize","_anchorPoint"],2,1,4,5,5],["cc.Sprite",["_type","_sizeMode","_fillRange","node","__prefab","_spriteFrame"],0,1,4,6],"cc.SpriteFrame",["cc.Node",["_name","_layer","_parent","_components","_prefab","_lpos","_children"],1,1,12,4,5,2],["cc.Layout",["_resizeMode","_layoutType","_isAlign","_spacingY","node","__prefab"],-1,1,4],["cc.Prefab",["_name"],2],["cc.CompPrefabInfo",["fileId"],2],["42a4bWaBc5LXqIzmJWG7ZBL",["node","__prefab"],3,1,4],["cc.PrefabInfo",["fileId","instance","targetOverrides","root","asset","nestedPrefabInstanceRoots"],0,1,1,2],["cc.PrefabInfo",["fileId","instance","targetOverrides","nestedPrefabInstanceRoots","root","asset"],-1,1,1],["cc.PrefabInfo",["fileId","targetOverrides","nestedPrefabInstanceRoots","root","instance","asset"],0,1,4,6],["c23355pf51HnrCLBl2fKRjQ",["node","__prefab","tip"],3,1,4,1],["cc.PageView",["_name","elastic","horizontal","node","__prefab","_content","pageEvents","_indicator"],0,1,4,1,9,1],["cc.ClickEvent",["_componentId","handler","target"],1,1],["cc.Mask",["node","__prefab"],3,1,4],["cc.Graphics",["node","__prefab","_fillColor"],3,1,4,5],["cc.Button",["_transition","_zoomScale","node","__prefab","clickEvents","_normalColor","_target"],1,1,4,9,5,1],["e858boYmuRNtaUbAZS8rSGo",["node","__prefab"],3,1,4],["9dcc4Z2wSFM/LXwf99wJrU6",["node","__prefab","progressBar","lbProgress"],3,1,4,1,1],["cc.TargetInfo",["localID"],2],["cc.PrefabInstance",["fileId","prefabRootNode","propertyOverrides"],2,1,9],["CCPropertyOverrideInfo",["value","propertyPath","targetInfo"],1,1],["CCPropertyOverrideInfo",["propertyPath","targetInfo","value"],2,1,8],["CCPropertyOverrideInfo",["propertyPath","targetInfo","value"],2,4,6],["CCPropertyOverrideInfo",["value","propertyPath","targetInfo"],1,4],["CCPropertyOverrideInfo",["propertyPath","targetInfo","value"],2,4,8],["cc.PageViewIndicator",["spacing","node","__prefab","_cellSize"],2,1,4,5],["cc.Label",["_string","_actualFontSize","_fontSize","_lineHeight","_enableOutline","_outlineWidth","node","__prefab"],-3,1,4],["cc.ProgressBar",["_mode","_progress","node","__prefab","_barSprite"],1,1,4,1]],[[8,0,2],[11,0,1,2,3,4,5,5],[2,1,2,3,1],[21,0,2],[24,0,1,2,2],[23,0,1,2,3],[0,0,1,6,5,4,8,3],[15,0,1,2,3],[3,0,1,3,4,5,3],[3,3,4,5,1],[18,0,1,2,3,4,5,6,3],[19,0,1,1],[0,0,1,6,7,5,4,8,3],[1,0,7,9,10,3],[27,0,1,2,2],[0,2,3,6,4,3],[5,0,1,2,3,4,5,3],[2,1,2,3,4,1],[12,0,1,2,3,4,5,4],[22,0,1,2,2],[0,0,1,7,5,4,3],[6,0,1,3,4,5,4],[26,0,1,2,3],[7,0,2],[0,0,1,7,5,4,8,3],[0,0,1,6,7,5,4,3],[0,0,1,5,4,3],[0,0,1,6,5,4,3],[0,0,1,6,5,4,8,9,3],[5,0,1,2,6,3,4,5,3],[2,0,1,2,3,4,2],[1,0,1,2,9,10,4],[1,0,2,9,10,3],[1,0,3,1,2,9,10,5],[1,0,4,8,5,9,10,5],[1,0,4,3,5,6,1,9,10,7],[1,0,4,3,5,6,9,10,6],[1,0,9,10,2],[9,0,1,1],[10,0,1,2,3,4,5,4],[13,0,1,2,1],[14,0,1,2,3,4,5,6,7,4],[16,0,1,1],[17,0,1,2,1],[6,0,1,2,4,5,4],[3,0,1,2,3,4,4],[20,0,1,2,3,1],[25,0,1,2,2],[28,0,1,2,3,2],[29,0,1,2,3,4,5,6,7,7],[30,0,1,2,3,4,3]],[[[{"name":"zjm3","rect":{"x":0,"y":0,"width":720,"height":1600},"offset":{"x":0,"y":0},"originalSize":{"width":720,"height":1600},"rotated":false,"capInsets":[0,0,0,0],"vertices":{"rawPosition":[-360,-800,0,360,-800,0,-360,800,0,360,800,0],"indexes":[0,1,2,2,1,3],"uv":[0,1600,720,1600,0,0,720,0],"nuv":[0,0,1,0,0,1,1,1],"minPos":{"x":-360,"y":-800,"z":0},"maxPos":{"x":360,"y":800,"z":0}},"packable":false,"pixelsToUnit":100,"pivot":{"x":0.5,"y":0.5},"meshType":0}],[4],0,[0],[6],[2]],[[{"name":"zjm2","rect":{"x":0,"y":0,"width":720,"height":1600},"offset":{"x":0,"y":0},"originalSize":{"width":720,"height":1600},"rotated":false,"capInsets":[0,0,0,0],"vertices":{"rawPosition":[-360,-800,0,360,-800,0,-360,800,0,360,800,0],"indexes":[0,1,2,2,1,3],"uv":[0,1600,720,1600,0,0,720,0],"nuv":[0,0,1,0,0,1,1,1],"minPos":{"x":-360,"y":-800,"z":0},"maxPos":{"x":360,"y":800,"z":0}},"packable":false,"pixelsToUnit":100,"pivot":{"x":0.5,"y":0.5},"meshType":0}],[4],0,[0],[6],[3]],[[[23,"UIMain"],[20,"UIMain",33554432,[-8,-9,-10,-11,-12,-13],[[2,-5,[0,"a884lQVEVOrLz7OsOpUeY5"],[5,720,1600]],[31,45,100,100,-6,[0,"41h+D/nsREvYR/iDew0/B5"]],[38,-7,[0,"ccXJrcmF5GI5b4rJ9g8UIf"]]],[39,"18Ogluxv5BKYnqZkxbFYTb",null,[],-4,0,[-1,-2,-3]]],[24,"MainItem",33554432,[-18,-19,-20,-21],[[2,-14,[0,"90zlvJxf9JXqyd1FcCPJUB"],[5,720,1280]],[32,5,1280,-15,[0,"b4Zp/sKG1LD4pSE7TdXJMa"]],[40,-17,[0,"14p+bgTtdGg5YYIF19RrL/"],-16]],[1,"33Z0yYktJCG5IoWYhVJdcO",null,null,null,1,0],[1,360,0,0]],[12,"PageView",33554432,1,[-29,-30],[[30,"pageView-horizontal<UITransform>",-22,[0,"b4Jiy3jV1Ok6jqCSEB8hbU"],[5,720,1600],[0,0,0.5]],[41,"pageView-horizontal<PageView>",false,false,-25,[0,"87Jl9b0zRBQ5ytgYXMrn7R"],-24,[[7,"42a4bWaBc5LXqIzmJWG7ZBL","onPageChanged",1]],-23],[33,21,220,500,400,-26,[0,"a3P8t9kv9CBIqVR0ayIwtP"]],[42,-27,[0,"a15gI8HxdGbpNvkqhB7Pa+"]],[43,-28,[0,"72fqOrQilAf7g35DFrjDEy"],[4,16777215]]],[1,"d9LH0fBzxMSo7zOngn92Mp",null,null,null,1,0],[1,-360,0,0]],[25,"content",33554432,3,[2,-33,-34],[[17,-31,[0,"f1GTFVhA1MJrKPOftL23mi"],[5,2160,1280],[0,0,0.5]],[44,1,1,true,-32,[0,"f6lrxYeTlB4qtbH6jKrmmH"]]],[1,"b8qBKcQt5Ng4GUwxJr2fiT",null,null,null,1,0]],[6,"BtnStart",33554432,2,[[2,-35,[0,"44nccA375LaZnlVj/UzVkt"],[5,350,139]],[8,1,2,-36,[0,"b4rA7NuwpEsJqIBfGa8gE8"],2],[10,3,1.1,-38,[0,"73H9TTHP1CkIpAB5loEm8D"],[[7,"c23355pf51HnrCLBl2fKRjQ","onBtnStartClick",2]],[4,4292269782],-37],[11,-39,[0,"27nrbBU5xGc51hgSjitG3S"]],[13,4,300,-40,[0,"6bI9yAVyBI040OyELGdRh+"]]],[1,"80U5FwaZ9PO7dQA+eraNKv",null,null,null,1,0],[1,0,-270.5,0]],[6,"BtnUnlock",33554432,2,[[2,-41,[0,"55q5BAYUNPRIZ73fnDb71W"],[5,350,139]],[8,1,2,-42,[0,"84gVK8Wp5OLZyOOuEh/Qit"],3],[10,3,1.1,-44,[0,"7fD+a8qUxKAKxt666S5ywl"],[[7,"c23355pf51HnrCLBl2fKRjQ","onBtnUnlockClick",2]],[4,4292269782],-43],[11,-45,[0,"63ndPmYdFOBJYRICLMYnJQ"]],[13,4,300,-46,[0,"07fs3tjgxB2omLaJKt5T4p"]]],[1,"0eftLkdwpMgZn6qwW2kQvj",null,null,null,1,0],[1,0,-270.5,0]],[12,"Tip",33554432,1,[-49,-50,-51,-52],[[2,-47,[0,"00HG3GZ5ZJlp5paopYstTJ"],[5,0,0]],[13,20,200,-48,[0,"bfLkf7Fy9L+YdiYWW+oK8a"]]],[1,"24qLwDUg5OIZCETHIluoR6",null,null,null,1,0],[1,0,-600,0]],[20,"BtnPassReward",33554432,[-58],[[2,-53,[0,"8cCdFTpsFK5ZLNVwzysdAs"],[5,133,124]],[8,1,2,-54,[0,"acZzEiUzVEZKIw/m8Cd4Sb"],12],[10,3,1.1,-56,[0,"caapW/BNBP0baEmnpYbJVQ"],[[7,"42a4bWaBc5LXqIzmJWG7ZBL","onBtnPassRewardClick",1]],[4,4292269782],-55],[11,-57,[0,"9cA/bHO0lBPZPCFPzt64GV"]]],[1,"21yV4ZAvpOfpzJVkoVPk3P",null,null,null,1,0]],[29,"PassRewardItem",33554432,8,[-65,-66],[[[2,-59,[0,"79jD026XlDq4Y/bUdL4un7"],[5,124,34]],[8,1,2,-60,[0,"76IMEnj9hC86NeUKd1m7cO"],11],-61,[46,-64,[0,"e8cpjF3x1BAZCFuntVKL+Z"],-63,-62]],4,4,1,4],[1,"faJpN65JRKA7VhwQXRQ2Yt",null,null,null,1,0],[1,0,-70,0]],[6,"BtnSetting",33554432,1,[[2,-67,[0,"391MaAuIJJkYi0X0N5KUpJ"],[5,74,73]],[8,1,2,-68,[0,"85AnTK2AVLHqNINrjMdTOU"],14],[10,3,1.1,-70,[0,"e8yrD3mmdD1LK/Jdd491i9"],[[7,"42a4bWaBc5LXqIzmJWG7ZBL","onBtnSettingClick",1]],[4,4292269782],-69],[11,-71,[0,"c4UZ98cSpCb4IhYGmTbQ6l"]],[34,17,32,120,-300,-72,[0,"77mK1hLltM2KqRJ7Grjb8R"]]],[1,"c4j2X9krxKgLPSaeoUB1C5",null,null,null,1,0],[1,-300,643.5,0]],[26,"BtnLuckySpin",33554432,[[2,-73,[0,"4dzv+WWwlHO4PPLOOaTzNH"],[5,133,139]],[8,1,2,-74,[0,"76U+k/TapJRKYEDKHkYwkk"],13],[10,3,1.1,-76,[0,"a5xuRHFSdPl5YRgil2gLQp"],[[7,"42a4bWaBc5LXqIzmJWG7ZBL","onBtnLuckySpinClick",1]],[4,4292269782],-75],[11,-77,[0,"0eh7D/KXBCYI3Gs8DolLaE"]]],[1,"28LA7Z9QdMi5718QBCeb70",null,null,null,1,0]],[12,"LeftBtns",33554432,1,[8],[[2,-78,[0,"7fb9SHWDtDWouArMHXispt"],[5,133,124]],[21,1,2,32,-79,[0,"63j2R0DCZMwIqjhIkwKxI/"]],[35,18,32,16,-256,-100,140,-80,[0,"259Qo4ec9L1bH6xHOJ0I2q"]]],[1,"0dUOb7KY9KUaSr7WPfq2aS",null,null,null,1,0],[1,-256,-100,0]],[12,"RightBtns",33554432,1,[11],[[2,-81,[0,"656eo5aFdHXpZPc54401fM"],[5,133,139]],[21,1,2,16,-82,[0,"c3m9nYSehHVon0z8tMsKzv"]],[36,18,16,32,256,-100,-83,[0,"27zHK+ANRM250PFYv6S9ss"]]],[1,"24qKDc+MdPQKPpDnH+PLjT",null,null,null,1,0],[1,256,-100,0]],[3,["f2AWmxhlFHkbLMHoU0sQHK"]],[27,"Bg",33554432,2,[[2,-84,[0,"77skIhU5NECbtftMBiKd7P"],[5,720,1600]],[9,-85,[0,"b8TpftcBRAkKnSMJc631mZ"],0],[37,18,-86,[0,"a3WZODxNFJTLz9320bJAgV"]]],[1,"8bJYZgIfhHGJxIrXcjIP7H",null,null,null,1,0]],[6,"Tip",33554432,2,[[2,-87,[0,"86AjybJEVK2pOMsWEhZTo6"],[5,590,42]],[9,-88,[0,"60QcnstSxNJLb0I0nSLV3t"],1]],[1,"5djZ2jvR1KCLDq7e0wQkKs",null,null,null,1,0],[1,0,120,0]],[3,["0dmYF7771HS4EGFy5Q0t8b"]],[3,["0dmYF7771HS4EGFy5Q0t8b"]],[16,"indicator",33554432,3,[[[2,-89,[0,"14Cgxl1gxGuLSymXV0af9d"],[5,500,60]],-90,[13,20,16,-91,[0,"88pGWoQN9MC4E9DUQ2HjfO"]]],4,1,4],[1,"a8hqrtAkZEhb0kKsiWluP8",null,null,null,1,0],[1,360,-754,0]],[3,["f3Bka97HBLC70aYs8RpRDZ"]],[15,0,{},4,[18,"0dmYF7771HS4EGFy5Q0t8b",null,null,-92,[19,"3cy2oik2FADrHDaacZIsnZ",1,[[5,"MainItem",["_name"],17],[4,["_lpos"],17,[1,1080,0,0]],[4,["_lrot"],17,[3,0,0,0,1]],[4,["_euler"],17,[1,0,0,0]],[47,["_spriteFrame"],[3,["63A4cBQ1BNDLS4JmNb/TdO"]],5],[22,1,["mode"],[3,["f90Vuo0QFIM5SxUnqozVIW"]]],[14,["_lpos"],[3,["37KyYXTzBFDoH0UpN2pxuI"]],[1,0,-270.5,0]],[14,["_lpos"],[3,["52/hFgEXZNiKFWbIU9gIRa"]],[1,0,-270.5,0]]]],4]],[15,0,{},4,[18,"0dmYF7771HS4EGFy5Q0t8b",null,null,-93,[19,"3cQ30ZdeZCB4cNzSVs1wFg",1,[[5,"MainItem",["_name"],18],[4,["_lpos"],18,[1,1800,0,0]],[4,["_lrot"],18,[3,0,0,0,1]],[4,["_euler"],18,[1,0,0,0]],[22,2,["mode"],[3,["f90Vuo0QFIM5SxUnqozVIW"]]],[14,["_lpos"],[3,["37KyYXTzBFDoH0UpN2pxuI"]],[1,0,-270.5,0]],[14,["_lpos"],[3,["52/hFgEXZNiKFWbIU9gIRa"]],[1,0,-270.5,0]]]],6]],[6,"Text",33554432,7,[[2,-94,[0,"a2wpusivxIYKzYsvx3wY/5"],[5,450,42]],[9,-95,[0,"0bfHw+arhFbZZ+dtJf5l+k"],7]],[1,"7ftYUhfcxHRqk8a7LZCigS",null,null,null,1,0],[1,0,76,0]],[6,"ArrowLeft",33554432,7,[[2,-96,[0,"8fH6JPuVZADbT2mKX0de9B"],[5,136,53]],[9,-97,[0,"b7Cky/TIVMWJq82Dx+VrkO"],8]],[1,"cdeNloCBFD5aXKzYMqNupK",null,null,null,1,0],[1,-120,6,0]],[28,"ArrowRight",33554432,7,[[2,-98,[0,"27rjNly4JABIjL8Lg+VUzz"],[5,136,53]],[9,-99,[0,"9eCJ8RYhhFqKlZ92gBUNXX"],9]],[1,"9em8R1wfVNMLML3sAGCHzQ",null,null,null,1,0],[1,120,6,0],[1,-1,1,1]],[6,"Hand",33554432,7,[[17,-100,[0,"85Lj2gpl1PzrPlA0W9BE4E"],[5,98,100],[0,0,1]],[9,-101,[0,"d1IBHnenJI5KT/EKJoLEkc"],10]],[1,"f3WWRdpEJPgJjEWuw1wq9N",null,null,null,1,0],[1,-200,0,0]],[16,"Bar",33554432,9,[[[17,-102,[0,"3eRXD4mA5PNqe2dzcXowYM"],[5,112,21],[0,0,0.5]],-103],4,1],[1,"afvy0PuelLOohcMh8znnMi",null,null,null,1,0],[1,-56,2.6,0]],[16,"LbProgress",33554432,9,[[[2,-104,[0,"90MRKRrDBL/YNaQXqL2VS1"],[5,27.0224609375,27.2]],-105],4,1],[1,"a4F47UsWBOmoFk7b4gDP86",null,null,null,1,0],[1,0,3,0]],[15,0,{},1,[18,"f3Bka97HBLC70aYs8RpRDZ",null,null,-106,[19,"84xhZP9bBFBoy+P0t7U/27",1,[[5,"CoinItem",["_name"],20],[4,["_lpos"],20,[1,-150,645,0]],[4,["_lrot"],20,[3,0,0,0,1]],[4,["_euler"],20,[1,0,0,0]],[5,17,["_alignFlags"],14],[5,124,["_top"],14],[5,9,["_lockFlags"],14],[5,145,["_left"],14],[5,-150,["_horizontalCenter"],14]]],15]],[48,10,19,[0,"66I0Okr7tLGIlfsjX4RU2I"],[5,16,16]],[45,3,0,1,27,[0,"072JynKWBLv7v5/LOX0ozN"]],[49,"5/5",18,18,20,true,1,28,[0,"4fDAJIp05GnbiyDoBFfapX"]],[50,2,1,9,[0,"472C1oLbpEJIStXg9Yk61V"],31]],0,[0,-1,29,0,-2,22,0,-3,21,0,3,1,0,0,1,0,0,1,0,0,1,0,-1,3,0,-2,7,0,-3,12,0,-4,13,0,-5,10,0,-6,29,0,0,2,0,0,2,0,7,16,0,0,2,0,-1,15,0,-2,16,0,-3,5,0,-4,6,0,0,3,0,8,30,0,9,4,0,0,3,0,0,3,0,0,3,0,0,3,0,-1,4,0,-2,19,0,0,4,0,0,4,0,-2,21,0,-3,22,0,0,5,0,0,5,0,2,5,0,0,5,0,0,5,0,0,5,0,0,6,0,0,6,0,2,6,0,0,6,0,0,6,0,0,6,0,0,7,0,0,7,0,-1,23,0,-2,24,0,-3,25,0,-4,26,0,0,8,0,0,8,0,2,8,0,0,8,0,0,8,0,-1,9,0,0,9,0,0,9,0,-3,33,0,10,32,0,11,33,0,0,9,0,-1,27,0,-2,28,0,0,10,0,0,10,0,2,10,0,0,10,0,0,10,0,0,10,0,0,11,0,0,11,0,2,11,0,0,11,0,0,11,0,0,12,0,0,12,0,0,12,0,0,13,0,0,13,0,0,13,0,0,15,0,0,15,0,0,15,0,0,16,0,0,16,0,0,19,0,-2,30,0,0,19,0,3,21,0,3,22,0,0,23,0,0,23,0,0,24,0,0,24,0,0,25,0,0,25,0,0,26,0,0,26,0,0,27,0,-2,31,0,0,28,0,-2,32,0,3,29,0,12,1,2,4,4,8,4,12,11,4,13,106],[0,0,0,0,0,0,0,0,0,0,0,0,0,0,0,0,30,31],[1,1,1,1,5,13,5,1,1,1,1,1,1,1,1,5,1,1],[4,5,6,7,0,8,0,9,1,1,10,11,12,13,14,15,16,17]]]]
