[1,["27aQNPNylJIZAxJEN0bcB4@6c48a","4apNsw88hA4LfF7Iw06VYa@6c48a","27aQNPNylJIZAxJEN0bcB4@f9941","9730hnrnRIz6mZSDy6ycxv","f4sO3n6g9I/rnNZYYJcLKy@f9941","1c2J26pbhMOIkXiIzZx8XQ@f9941","04eVRfV8NFXrMiZG5v0RUz@f9941","4apNsw88hA4LfF7Iw06VYa@f9941","51bl+4eVNCU4SOARC6Wm9i@f9941"],["node","_spriteFrame","_textureSource","root","_target","data","asset"],[["cc.Node",["_name","_layer","_active","_objFlags","__editorExtras__","_prefab","_components","_parent","_children","_lpos"],-2,4,9,1,2,5],"cc.SpriteFrame",["cc.Sprite",["_type","_sizeMode","node","__prefab","_spriteFrame"],1,1,4,6],["cc.Button",["_transition","_zoomScale","node","__prefab","clickEvents","_normalColor","_target"],1,1,4,9,5,1],["cc.Prefab",["_name"],2],["cc.UITransform",["node","__prefab","_contentSize"],3,1,4,5],["cc.CompPrefabInfo",["fileId"],2],["cc.Widget",["_alignFlags","_originalWidth","_originalHeight","node","__prefab"],0,1,4],["a4299iX6cZCU5/ndRDbdW7L",["uiType","node","__prefab"],2,1,4],["cc.PrefabInfo",["fileId","instance","targetOverrides","root","asset","nestedPrefabInstanceRoots"],0,1,1,2],["cc.PrefabInfo",["fileId","instance","targetOverrides","nestedPrefabInstanceRoots","root","asset"],-1,1,1],["cc.PrefabInfo",["fileId","targetOverrides","nestedPrefabInstanceRoots","root","instance","asset"],0,1,4,6],["cc.ClickEvent",["_componentId","handler","target"],1,1],["e858boYmuRNtaUbAZS8rSGo",["node","__prefab"],3,1,4],["cc.TargetInfo",["localID"],2],["cc.PrefabInstance",["fileId","prefabRootNode","propertyOverrides"],2,1,9],["CCPropertyOverrideInfo",["value","propertyPath","targetInfo"],1,1],["CCPropertyOverrideInfo",["propertyPath","targetInfo","value"],2,1,8]],[[6,0,2],[5,0,1,2,1],[10,0,1,2,3,4,5,5],[16,0,1,2,3],[2,2,3,4,1],[0,0,1,7,6,5,9,3],[12,0,1,2,3],[13,0,1,1],[17,0,1,2,2],[2,0,1,2,3,4,3],[3,0,1,2,3,4,3],[14,0,2],[4,0,2],[0,0,1,8,6,5,3],[0,0,1,7,8,6,5,9,3],[0,0,2,1,7,8,6,5,9,4],[0,0,1,7,6,5,3],[0,3,4,7,5,3],[7,0,1,2,3,4,4],[8,0,1,2,2],[9,0,1,2,3,4,5,4],[11,0,1,2,3,4,5,4],[3,0,1,2,3,4,5,6,3],[15,0,1,2,2]],[[[{"name":"dk_gqbx","rect":{"x":0,"y":0,"width":461,"height":505},"offset":{"x":0,"y":0},"originalSize":{"width":461,"height":505},"rotated":false,"capInsets":[0,0,0,0],"vertices":{"rawPosition":[-230.5,-252.5,0,230.5,-252.5,0,-230.5,252.5,0,230.5,252.5,0],"indexes":[0,1,2,2,1,3],"uv":[0,505,461,505,0,0,461,0],"nuv":[0,0,1,0,0,1,1,1],"minPos":{"x":-230.5,"y":-252.5,"z":0},"maxPos":{"x":230.5,"y":252.5,"z":0}},"packable":true,"pixelsToUnit":100,"pivot":{"x":0.5,"y":0.5},"meshType":0}],[1],0,[0],[2],[0]],[[{"name":"jxyx","rect":{"x":0,"y":0,"width":185,"height":47},"offset":{"x":0,"y":0},"originalSize":{"width":185,"height":47},"rotated":false,"capInsets":[0,0,0,0],"vertices":{"rawPosition":[-92.5,-23.5,0,92.5,-23.5,0,-92.5,23.5,0,92.5,23.5,0],"indexes":[0,1,2,2,1,3],"uv":[0,47,185,47,0,0,185,0],"nuv":[0,0,1,0,0,1,1,1],"minPos":{"x":-92.5,"y":-23.5,"z":0},"maxPos":{"x":92.5,"y":23.5,"z":0}},"packable":true,"pixelsToUnit":100,"pivot":{"x":0.5,"y":0.5},"meshType":0}],[1],0,[0],[2],[1]],[[[12,"UIPassReward"],[13,"UIPassReward",33554432,[-6,-7,-8,-9,-10],[[1,-3,[0,"79IaK0EKZBAbjOcwyYjmvO"],[5,720,1600]],[18,45,100,100,-4,[0,"78ONFCn6NEyq0a5iw4L2S3"]],[19,1,-5,[0,"bdGVG2lJtGa6NZ6QM1vgz4"]]],[20,"03RkFdu5tAS7KbrEgNdVk7",null,[],-2,0,[-1]]],[5,"BtnClose",33554432,1,[[1,-11,[0,"5c1BANW/hK6KiEL66sWNIu"],[5,58,59]],[9,1,0,-12,[0,"185LMp2jFCTIdT2kTuyG/0"],2],[22,3,1.1,-14,[0,"7b/k+Wa/NFHonyIqbJ4RDl"],[[6,"a4299iX6cZCU5/ndRDbdW7L","onBtnCloseClick",1]],[4,4292269782],-13],[7,-15,[0,"38LJarEqhMD7+NGg+2lpbl"]]],[2,"beIH3/KzdAH5/789z/8qis",null,null,null,1,0],[1,205,212,0]],[14,"BtnGet",33554432,1,[-20],[[1,-16,[0,"d8HQ7K7JNNnKOSTYsrX9xL"],[5,259,108]],[4,-17,[0,"64waoPHPFOerIbSjmjKEhc"],4],[10,3,1.1,-18,[0,"10J4/5NMpIIpAa0opPwTPI"],[[6,"a4299iX6cZCU5/ndRDbdW7L","onBtnGetClick",1]]],[7,-19,[0,"d4JtEdwIlN3aDeSYHNK0+o"]]],[2,"f6mkkS/9lMZKjb59vwfALX",null,null,null,1,0],[1,0,-150,0]],[15,"BtnContinue",false,33554432,1,[-25],[[1,-21,[0,"15yklUeQZK7IKWD1kQqsZF"],[5,259,108]],[9,1,2,-22,[0,"b4Ksk58ThJnIe51/MgQimz"],6],[10,3,1.1,-23,[0,"684pumOeJEr6LVSAf2HhWE"],[[6,"a4299iX6cZCU5/ndRDbdW7L","onBtnCloseClick",1]]],[7,-24,[0,"87xcAWxBNEZLxsrXk8JIO8"]]],[2,"08PCTgT4tKaY39+5Sqg4xT",null,null,null,1,0],[1,0,-150,0]],[11,["f2AWmxhlFHkbLMHoU0sQHK"]],[11,["f3Bka97HBLC70aYs8RpRDZ"]],[16,"dk_gqbx",33554432,1,[[1,-26,[0,"8cf7uEeY9MBoCWTsC9I3WX"],[5,461,505]],[4,-27,[0,"c4CZwVPfNL07sQLN8to035"],0]],[2,"d426SapYtJ+p7cgqi+vgkV",null,null,null,1,0]],[17,0,{},1,[21,"f3Bka97HBLC70aYs8RpRDZ",null,null,-28,[23,"71X0w0h1hD/ZxfEjeKEvzB",1,[[3,"CoinItem",["_name"],6],[8,["_lpos"],6,[1,-150,645,0]],[8,["_lrot"],6,[3,0,0,0,1]],[8,["_euler"],6,[1,0,0,0]],[3,17,["_alignFlags"],5],[3,124,["_top"],5],[3,25,["_lockFlags"],5],[3,145,["_left"],5],[3,-150,["_horizontalCenter"],5]]],1]],[5,"hdjl2",33554432,3,[[1,-29,[0,"0akT//jb5G3bP/0F4qINEj"],[5,177,47]],[4,-30,[0,"9d9xkWGiBJEpj6f+67zBWC"],3]],[2,"80iXCETFVLUKheomZoSLnO",null,null,null,1,0],[1,0,6,0]],[5,"jxyx",33554432,4,[[1,-31,[0,"c5oPnUj0JN3LAP2pEAQRk/"],[5,185,47]],[4,-32,[0,"b04J5F47lAr5olPiOWelB1"],5]],[2,"68p9Z1mHND9KD0srmPLumV",null,null,null,1,0],[1,0,8,0]]],0,[0,-1,8,0,3,1,0,0,1,0,0,1,0,0,1,0,-1,7,0,-2,8,0,-3,2,0,-4,3,0,-5,4,0,0,2,0,0,2,0,4,2,0,0,2,0,0,2,0,0,3,0,0,3,0,0,3,0,0,3,0,-1,9,0,0,4,0,0,4,0,0,4,0,0,4,0,-1,10,0,0,7,0,0,7,0,3,8,0,0,9,0,0,9,0,0,10,0,0,10,0,5,1,32],[0,0,0,0,0,0,0],[1,6,1,1,1,1,1],[2,3,4,5,6,7,8]]]]
