[1,["b2Pd3rg8VHcJ0yeDLR1rf6@6c48a"],["_textureSource"],["cc.SpriteFrame"],0,[{"name":"重置所有物品的位置","rect":{"x":0,"y":0,"width":227,"height":30},"offset":{"x":0,"y":0},"originalSize":{"width":227,"height":30},"rotated":false,"capInsets":[0,0,0,0],"vertices":{"rawPosition":[-113.5,-15,0,113.5,-15,0,-113.5,15,0,113.5,15,0],"indexes":[0,1,2,2,1,3],"uv":[0,30,227,30,0,0,227,0],"nuv":[0,0,1,0,0,1,1,1],"minPos":{"x":-113.5,"y":-15,"z":0},"maxPos":{"x":113.5,"y":15,"z":0}},"packable":true,"pixelsToUnit":100,"pivot":{"x":0.5,"y":0.5},"meshType":0}],[0],0,[0],[0],[0]]
