[1,["1cb9963e0@6c48a"],["_textureSource"],["cc.SpriteFrame"],0,[[[{"name":"tp1","rect":{"x":71,"y":829,"width":61,"height":97},"offset":{"x":0,"y":0},"originalSize":{"width":61,"height":97},"rotated":true,"capInsets":[0,0,0,0],"packable":true,"pixelsToUnit":100,"pivot":{"x":0.5,"y":0.5},"meshType":0}],[0],0,[0],[0],[0]],[[{"name":"tp29","rect":{"x":90,"y":133,"width":64,"height":71},"offset":{"x":0,"y":0},"originalSize":{"width":64,"height":71},"rotated":true,"capInsets":[0,0,0,0],"packable":true,"pixelsToUnit":100,"pivot":{"x":0.5,"y":0.5},"meshType":0}],[0],0,[0],[0],[0]],[[{"name":"tp6","rect":{"x":3,"y":258,"width":67,"height":72},"offset":{"x":0,"y":0},"originalSize":{"width":67,"height":72},"rotated":true,"capInsets":[0,0,0,0],"packable":true,"pixelsToUnit":100,"pivot":{"x":0.5,"y":0.5},"meshType":0}],[0],0,[0],[0],[0]],[[{"name":"tp22","rect":{"x":112,"y":907,"width":68,"height":99},"offset":{"x":0,"y":0},"originalSize":{"width":68,"height":99},"rotated":true,"capInsets":[0,0,0,0],"packable":true,"pixelsToUnit":100,"pivot":{"x":0.5,"y":0.5},"meshType":0}],[0],0,[0],[0],[0]],[[{"name":"tp25","rect":{"x":94,"y":64,"width":63,"height":69},"offset":{"x":0,"y":0},"originalSize":{"width":63,"height":69},"rotated":true,"capInsets":[0,0,0,0],"packable":true,"pixelsToUnit":100,"pivot":{"x":0.5,"y":0.5},"meshType":0}],[0],0,[0],[0],[0]],[[{"name":"tp4","rect":{"x":94,"y":662,"width":69,"height":88},"offset":{"x":0,"y":0},"originalSize":{"width":69,"height":88},"rotated":false,"capInsets":[0,0,0,0],"packable":true,"pixelsToUnit":100,"pivot":{"x":0.5,"y":0.5},"meshType":0}],[0],0,[0],[0],[0]],[[{"name":"tp19","rect":{"x":3,"y":191,"width":61,"height":81},"offset":{"x":0,"y":0},"originalSize":{"width":61,"height":81},"rotated":true,"capInsets":[0,0,0,0],"packable":true,"pixelsToUnit":100,"pivot":{"x":0.5,"y":0.5},"meshType":0}],[0],0,[0],[0],[0]],[[{"name":"tp15","rect":{"x":3,"y":896,"width":63,"height":103},"offset":{"x":0,"y":0},"originalSize":{"width":63,"height":103},"rotated":true,"capInsets":[0,0,0,0],"packable":true,"pixelsToUnit":100,"pivot":{"x":0.5,"y":0.5},"meshType":0}],[0],0,[0],[0],[0]],[[{"name":"tp18","rect":{"x":90,"y":203,"width":66,"height":67},"offset":{"x":0,"y":0},"originalSize":{"width":66,"height":67},"rotated":true,"capInsets":[0,0,0,0],"packable":true,"pixelsToUnit":100,"pivot":{"x":0.5,"y":0.5},"meshType":0}],[0],0,[0],[0],[0]],[[{"name":"tp13","rect":{"x":180,"y":3,"width":58,"height":74},"offset":{"x":0,"y":0},"originalSize":{"width":58,"height":74},"rotated":false,"capInsets":[0,0,0,0],"packable":true,"pixelsToUnit":100,"pivot":{"x":0.5,"y":0.5},"meshType":0}],[0],0,[0],[0],[0]],[[{"name":"tp16","rect":{"x":156,"y":295,"width":67,"height":80},"offset":{"x":-0.5,"y":0},"originalSize":{"width":68,"height":80},"rotated":true,"capInsets":[0,0,0,0],"packable":true,"pixelsToUnit":100,"pivot":{"x":0.5,"y":0.5},"meshType":0}],[0],0,[0],[0],[0]],[[{"name":"tp7","rect":{"x":169,"y":83,"width":63,"height":65},"offset":{"x":0,"y":-0.5},"originalSize":{"width":63,"height":66},"rotated":true,"capInsets":[0,0,0,0],"packable":true,"pixelsToUnit":100,"pivot":{"x":0.5,"y":0.5},"meshType":0}],[0],0,[0],[0],[0]],[[{"name":"tp37","rect":{"x":3,"y":3,"width":55,"height":81},"offset":{"x":0,"y":0},"originalSize":{"width":55,"height":81},"rotated":true,"capInsets":[0,0,0,0],"packable":true,"pixelsToUnit":100,"pivot":{"x":0.5,"y":0.5},"meshType":0}],[0],0,[0],[0],[0]],[[{"name":"tp23","rect":{"x":3,"y":627,"width":64,"height":85},"offset":{"x":0,"y":0},"originalSize":{"width":64,"height":85},"rotated":true,"capInsets":[0,0,0,0],"packable":true,"pixelsToUnit":100,"pivot":{"x":0.5,"y":0.5},"meshType":0}],[0],0,[0],[0],[0]],[[{"name":"tp14","rect":{"x":78,"y":348,"width":69,"height":74},"offset":{"x":0,"y":0},"originalSize":{"width":69,"height":74},"rotated":false,"capInsets":[0,0,0,0],"packable":true,"pixelsToUnit":100,"pivot":{"x":0.5,"y":0.5},"meshType":0}],[0],0,[0],[0],[0]],[[{"name":"tp33","rect":{"x":98,"y":578,"width":68,"height":78},"offset":{"x":0,"y":0},"originalSize":{"width":68,"height":78},"rotated":false,"capInsets":[0,0,0,0],"packable":true,"pixelsToUnit":100,"pivot":{"x":0.5,"y":0.5},"meshType":0}],[0],0,[0],[0],[0]],[[{"name":"tp11","rect":{"x":3,"y":406,"width":68,"height":77},"offset":{"x":0,"y":0},"originalSize":{"width":68,"height":77},"rotated":false,"capInsets":[0,0,0,0],"packable":true,"pixelsToUnit":100,"pivot":{"x":0.5,"y":0.5},"meshType":0}],[0],0,[0],[0],[0]],[[{"name":"tp26","rect":{"x":172,"y":614,"width":66,"height":88},"offset":{"x":0,"y":0},"originalSize":{"width":66,"height":88},"rotated":false,"capInsets":[0,0,0,0],"packable":true,"pixelsToUnit":100,"pivot":{"x":0.5,"y":0.5},"meshType":0}],[0],0,[0],[0],[0]],[[{"name":"tp34","rect":{"x":174,"y":524,"width":63,"height":84},"offset":{"x":0,"y":0},"originalSize":{"width":63,"height":84},"rotated":false,"capInsets":[0,0,0,0],"packable":true,"pixelsToUnit":100,"pivot":{"x":0.5,"y":0.5},"meshType":0}],[0],0,[0],[0],[0]],[[{"name":"tp28","rect":{"x":3,"y":697,"width":63,"height":90},"offset":{"x":0,"y":0},"originalSize":{"width":63,"height":90},"rotated":false,"capInsets":[0,0,0,0],"packable":true,"pixelsToUnit":100,"pivot":{"x":0.5,"y":0.5},"meshType":0}],[0],0,[0],[0],[0]],[[{"name":"tp21","rect":{"x":167,"y":152,"width":65,"height":66},"offset":{"x":0,"y":0},"originalSize":{"width":65,"height":66},"rotated":true,"capInsets":[0,0,0,0],"packable":true,"pixelsToUnit":100,"pivot":{"x":0.5,"y":0.5},"meshType":0}],[0],0,[0],[0],[0]],[[{"name":"tp17","rect":{"x":101,"y":495,"width":67,"height":77},"offset":{"x":0,"y":0},"originalSize":{"width":67,"height":77},"rotated":false,"capInsets":[0,0,0,0],"packable":true,"pixelsToUnit":100,"pivot":{"x":0.5,"y":0.5},"meshType":0}],[0],0,[0],[0],[0]],[[{"name":"tp27","rect":{"x":169,"y":708,"width":63,"height":90},"offset":{"x":0,"y":0},"originalSize":{"width":63,"height":90},"rotated":false,"capInsets":[0,0,0,0],"packable":true,"pixelsToUnit":100,"pivot":{"x":0.5,"y":0.5},"meshType":0}],[0],0,[0],[0],[0]],[[{"name":"tp31","rect":{"x":90,"y":3,"width":55,"height":84},"offset":{"x":0,"y":0},"originalSize":{"width":55,"height":84},"rotated":true,"capInsets":[0,0,0,0],"packable":true,"pixelsToUnit":100,"pivot":{"x":0.5,"y":0.5},"meshType":0}],[0],0,[0],[0],[0]],[[{"name":"tp3","rect":{"x":3,"y":125,"width":60,"height":81},"offset":{"x":0,"y":0},"originalSize":{"width":60,"height":81},"rotated":true,"capInsets":[0,0,0,0],"packable":true,"pixelsToUnit":100,"pivot":{"x":0.5,"y":0.5},"meshType":0}],[0],0,[0],[0],[0]],[[{"name":"tp2","rect":{"x":3,"y":793,"width":62,"height":95},"offset":{"x":0,"y":0},"originalSize":{"width":62,"height":95},"rotated":false,"capInsets":[0,0,0,0],"packable":true,"pixelsToUnit":100,"pivot":{"x":0.5,"y":0.5},"meshType":0}],[0],0,[0],[0],[0]],[[{"name":"tp20","rect":{"x":163,"y":223,"width":66,"height":67},"offset":{"x":0,"y":0},"originalSize":{"width":66,"height":67},"rotated":true,"capInsets":[0,0,0,0],"packable":true,"pixelsToUnit":100,"pivot":{"x":0.5,"y":0.5},"meshType":0}],[0],0,[0],[0],[0]],[[{"name":"tp12","rect":{"x":174,"y":804,"width":64,"height":97},"offset":{"x":-0.5,"y":0.5},"originalSize":{"width":65,"height":98},"rotated":false,"capInsets":[0,0,0,0],"packable":true,"pixelsToUnit":100,"pivot":{"x":0.5,"y":0.5},"meshType":0}],[0],0,[0],[0],[0]],[[{"name":"tp36","rect":{"x":177,"y":434,"width":61,"height":84},"offset":{"x":0,"y":0},"originalSize":{"width":61,"height":84},"rotated":false,"capInsets":[0,0,0,0],"packable":true,"pixelsToUnit":100,"pivot":{"x":0.5,"y":0.5},"meshType":0}],[0],0,[0],[0],[0]],[[{"name":"tp5","rect":{"x":3,"y":560,"width":61,"height":89},"offset":{"x":-0.5,"y":0},"originalSize":{"width":62,"height":89},"rotated":true,"capInsets":[0,0,0,0],"packable":true,"pixelsToUnit":100,"pivot":{"x":0.5,"y":0.5},"meshType":0}],[0],0,[0],[0],[0]],[[{"name":"tp9","rect":{"x":3,"y":64,"width":55,"height":85},"offset":{"x":0.5,"y":0},"originalSize":{"width":56,"height":85},"rotated":true,"capInsets":[0,0,0,0],"packable":true,"pixelsToUnit":100,"pivot":{"x":0.5,"y":0.5},"meshType":0}],[0],0,[0],[0],[0]],[[{"name":"tp30","rect":{"x":153,"y":368,"width":60,"height":84},"offset":{"x":0,"y":0},"originalSize":{"width":60,"height":84},"rotated":true,"capInsets":[0,0,0,0],"packable":true,"pixelsToUnit":100,"pivot":{"x":0.5,"y":0.5},"meshType":0}],[0],0,[0],[0],[0]],[[{"name":"tp10","rect":{"x":72,"y":756,"width":67,"height":90},"offset":{"x":0,"y":-0.5},"originalSize":{"width":67,"height":91},"rotated":true,"capInsets":[0,0,0,0],"packable":true,"pixelsToUnit":100,"pivot":{"x":0.5,"y":0.5},"meshType":0}],[0],0,[0],[0],[0]],[[{"name":"tp35","rect":{"x":3,"y":495,"width":59,"height":92},"offset":{"x":0,"y":0},"originalSize":{"width":59,"height":92},"rotated":true,"capInsets":[0,0,0,0],"packable":true,"pixelsToUnit":100,"pivot":{"x":0.5,"y":0.5},"meshType":0}],[0],0,[0],[0],[0]],[[{"name":"tp32","rect":{"x":77,"y":434,"width":55,"height":94},"offset":{"x":0,"y":0},"originalSize":{"width":55,"height":94},"rotated":true,"capInsets":[0,0,0,0],"packable":true,"pixelsToUnit":100,"pivot":{"x":0.5,"y":0.5},"meshType":0}],[0],0,[0],[0],[0]],[[{"name":"tp8","rect":{"x":81,"y":275,"width":67,"height":69},"offset":{"x":0,"y":0},"originalSize":{"width":67,"height":69},"rotated":true,"capInsets":[0,0,0,0],"packable":true,"pixelsToUnit":100,"pivot":{"x":0.5,"y":0.5},"meshType":0}],[0],0,[0],[0],[0]],[[{"name":"tp24","rect":{"x":3,"y":331,"width":69,"height":69},"offset":{"x":0,"y":0},"originalSize":{"width":69,"height":69},"rotated":false,"capInsets":[0,0,0,0],"packable":true,"pixelsToUnit":100,"pivot":{"x":0.5,"y":0.5},"meshType":0}],[0],0,[0],[0],[0]]]]
