[1,["b5oqOKe9hNyL9f8IqboiXm@6c48a"],["_textureSource"],["cc.SpriteFrame"],0,[{"name":"gc2","rect":{"x":0,"y":0,"width":720,"height":1419},"offset":{"x":0,"y":0},"originalSize":{"width":720,"height":1419},"rotated":false,"capInsets":[0,0,0,0],"vertices":{"rawPosition":[-360,-709.5,0,360,-709.5,0,-360,709.5,0,360,709.5,0],"indexes":[0,1,2,2,1,3],"uv":[0,1419,720,1419,0,0,720,0],"nuv":[0,0,1,0,0,1,1,1],"minPos":{"x":-360,"y":-709.5,"z":0},"maxPos":{"x":360,"y":709.5,"z":0}},"packable":true,"pixelsToUnit":100,"pivot":{"x":0.5,"y":0.5},"meshType":0}],[0],0,[0],[0],[0]]
