[1,["4ddGtN/mJKpYskRKwMPEH5@f9941","f2/BVcOl9ONbZNelGfam7Z@f9941","d0cSkA/A9OL7+idfBVYMnv@f9941","170IYTmFZC5ongQczZ+uCs@6c48a","7f95Bj7kVIaJtXZmFvkeVB@6c48a","8196AC8L1N74u0GIjmCYkw@6c48a","170IYTmFZC5ongQczZ+uCs@f9941","f4sO3n6g9I/rnNZYYJcLKy@f9941","7f95Bj7kVIaJtXZmFvkeVB@f9941","04eVRfV8NFXrMiZG5v0RUz@f9941","8196AC8L1N74u0GIjmCYkw@f9941","1cxweKF1BPKqa2nzXNijpM@f9941"],["node","_spriteFrame","_textureSource","off","on","root","_target","data"],[["cc.Node",["_name","_layer","_active","_components","_prefab","_parent","_children","_lpos"],0,9,4,1,2,5],"cc.SpriteFrame",["cc.Sprite",["_sizeMode","_type","node","__prefab","_spriteFrame"],1,1,4,6],["cc.Button",["_transition","_zoomScale","node","__prefab","clickEvents","_normalColor","_target"],1,1,4,9,5,1],["cc.UITransform",["node","__prefab","_contentSize"],3,1,4,5],["cc.Prefab",["_name"],2],["cc.CompPrefabInfo",["fileId"],2],["cc.Widget",["_alignFlags","node","__prefab"],2,1,4],["c45adto9B5CUrySVMJAHfZl",["uiType","node","__prefab"],2,1,4],["cc.PrefabInfo",["fileId","instance","targetOverrides","nestedPrefabInstanceRoots","root","asset"],-1,1,1],["cc.ClickEvent",["_componentId","handler","target"],1,1],["4772djXcEtGA6kLkEpQOZ0P",["node","__prefab","on","off"],3,1,4,1,1],["e858boYmuRNtaUbAZS8rSGo",["node","__prefab"],3,1,4]],[[6,0,2],[9,0,1,2,3,4,5,5],[4,0,1,2,1],[2,2,3,4,1],[0,0,1,5,3,4,7,3],[2,1,0,2,3,4,3],[10,0,1,2,3],[12,0,1,1],[0,0,1,5,6,3,4,7,3],[4,0,1,1],[0,0,1,5,3,4,3],[0,0,1,5,6,3,4,3],[0,0,2,1,5,6,3,4,4],[3,2,3,4,1],[3,0,1,2,3,4,3],[11,0,1,2,3,1],[5,0,2],[0,0,1,6,3,4,3],[7,0,1,2,2],[8,0,1,2,2],[2,0,2,3,4,2],[3,0,1,2,3,4,5,6,3]],[[[{"name":"dk_sz","rect":{"x":0,"y":0,"width":461,"height":605},"offset":{"x":0,"y":0},"originalSize":{"width":461,"height":605},"rotated":false,"capInsets":[0,0,0,0],"vertices":{"rawPosition":[-230.5,-302.5,0,230.5,-302.5,0,-230.5,302.5,0,230.5,302.5,0],"indexes":[0,1,2,2,1,3],"uv":[0,605,461,605,0,0,461,0],"nuv":[0,0,1,0,0,1,1,1],"minPos":{"x":-230.5,"y":-302.5,"z":0},"maxPos":{"x":230.5,"y":302.5,"z":0}},"packable":true,"pixelsToUnit":100,"pivot":{"x":0.5,"y":0.5},"meshType":0}],[1],0,[0],[2],[3]],[[{"name":"cxks","rect":{"x":0,"y":0,"width":176,"height":45},"offset":{"x":0,"y":0},"originalSize":{"width":176,"height":45},"rotated":false,"capInsets":[0,0,0,0],"vertices":{"rawPosition":[-88,-22.5,0,88,-22.5,0,-88,22.5,0,88,22.5,0],"indexes":[0,1,2,2,1,3],"uv":[0,45,176,45,0,0,176,0],"nuv":[0,0,1,0,0,1,1,1],"minPos":{"x":-88,"y":-22.5,"z":0},"maxPos":{"x":88,"y":22.5,"z":0}},"packable":true,"pixelsToUnit":100,"pivot":{"x":0.5,"y":0.5},"meshType":0}],[1],0,[0],[2],[4]],[[{"name":"fhzy","rect":{"x":0,"y":0,"width":176,"height":48},"offset":{"x":0,"y":0},"originalSize":{"width":176,"height":48},"rotated":false,"capInsets":[0,0,0,0],"vertices":{"rawPosition":[-88,-24,0,88,-24,0,-88,24,0,88,24,0],"indexes":[0,1,2,2,1,3],"uv":[0,48,176,48,0,0,176,0],"nuv":[0,0,1,0,0,1,1,1],"minPos":{"x":-88,"y":-24,"z":0},"maxPos":{"x":88,"y":24,"z":0}},"packable":true,"pixelsToUnit":100,"pivot":{"x":0.5,"y":0.5},"meshType":0}],[1],0,[0],[2],[5]],[[[16,"UIPause"],[17,"UIPause",33554432,[-5,-6,-7,-8,-9,-10],[[2,-2,[0,"60zHXHwxFMnZs74HGargyM"],[5,0,0]],[18,18,-3,[0,"875465q/pBCroP4j//s/ZV"]],[19,1,-4,[0,"0de/YFVbFMf4codMtW8QEm"]]],[1,"bfTvhK9ytDLZONZdJDb5/C",null,null,null,-1,0]],[8,"SwBgm",33554432,1,[-18,-19],[[2,-11,[0,"c2HKAlnAFBjbJ10pFxSTJL"],[5,109,56]],[5,1,2,-12,[0,"4cV/FJ85RN0aTB8mFZFe1r"],5],[13,-13,[0,"b3t2vd4AtO8IO8QpZzz/sh"],[[6,"c45adto9B5CUrySVMJAHfZl","onSwBgmClick",1]]],[15,-16,[0,"05b6ZgIqNLs4EXEIqBUuPq"],-15,-14],[7,-17,[0,"ee5rc4TopECbzcO4mDBGJ/"]]],[1,"09ygXa7RlPMqiqIVjXCc5C",null,null,null,1,0],[1,72,136,0]],[8,"SwSfx",33554432,1,[-27,-28],[[2,-20,[0,"27MtKkkERDwZQC3qg0wzK8"],[5,109,56]],[5,1,2,-21,[0,"c3G/cnYzlHqYHFo3Qurnmq"],9],[13,-22,[0,"97Rt3tXW1PC4bSEcO+IPN9"],[[6,"c45adto9B5CUrySVMJAHfZl","onSwSfxClick",1]]],[15,-25,[0,"0dtMTIxX1MfqcrvdqfIjYp"],-24,-23],[7,-26,[0,"76qSMXkvJBB7MFQa/ceOB9"]]],[1,"feYMghqJFN14a3WKWXUbPI",null,null,null,1,0],[1,72,28,0]],[4,"BtnClose",33554432,1,[[2,-29,[0,"4b2aqlfdlMRKfCt72iQZX5"],[5,58,59]],[5,1,0,-30,[0,"40oR1yanJJ9Y23MAmxV6z/"],1],[21,3,1.1,-32,[0,"84lIr9GIhH7J/L6BXeQ0lB"],[[6,"c45adto9B5CUrySVMJAHfZl","onBtnCloseClick",1]],[4,4292269782],-31],[7,-33,[0,"68dAOAChVH3ovV5Hbg0j1B"]]],[1,"aed8CnFphMnZ+uKX274Gt4",null,null,null,1,0],[1,200,258,0]],[8,"BtnRestart",33554432,1,[-38],[[2,-34,[0,"85nLL/NfNGSa0p7sDrCDN8"],[5,259,108]],[5,1,2,-35,[0,"37sXKZ1y5OEZm+jPlnkxwC"],11],[14,3,1.1,-36,[0,"8cIrAHA4RILInvaWyjVVgT"],[[6,"c45adto9B5CUrySVMJAHfZl","onBtnRestartClick",1]]],[7,-37,[0,"d8gdaUaapDVbqsOJuYkPce"]]],[1,"fdFGAr7ftKB4M2c8Jz6a08",null,null,null,1,0],[1,0,-97,0]],[8,"BtnBack",33554432,1,[-43],[[2,-39,[0,"f3/2Nw2JNPM7oR63pRx2K/"],[5,259,108]],[5,1,2,-40,[0,"95lO78/hJHBb4aUL+4bU58"],13],[14,3,1.1,-41,[0,"00GAzK8Q9H3pxwIL3GXiDv"],[[6,"c45adto9B5CUrySVMJAHfZl","onBtnBackClick",1]]],[7,-42,[0,"0edNTHAjdCz75H65jfK0BX"]]],[1,"97GpJf5bFN0J47Zq/Grtjl",null,null,null,1,0],[1,0,-207,0]],[11,"On",33554432,2,[-45,-46],[[9,-44,[0,"48mLNdHutOeI8j+HzuQu6h"]]],[1,"51eJTa3KRPyKRBv0n8UbTU",null,null,null,1,0]],[11,"On",33554432,3,[-48,-49],[[9,-47,[0,"08lbIKDlxCBrulXVK4WF0z"]]],[1,"d9y4nXOZFE9aVv7nPmyFeY",null,null,null,1,0]],[12,"Off",false,33554432,2,[-51],[[9,-50,[0,"43Nz8jIP9Fr4oFbBbGQSnO"]]],[1,"b7wkkiT1hKZ7qmaltAk4t1",null,null,null,1,0]],[12,"Off",false,33554432,3,[-53],[[9,-52,[0,"6a3l5Ti2hET59wVTGn05yT"]]],[1,"4erBoVqJNGz7GQp0BJktBH",null,null,null,1,0]],[10,"dk_sz",33554432,1,[[2,-54,[0,"8cR8cSrfhFhrZHTK71zaXt"],[5,461,605]],[20,2,-55,[0,"8bzfm2C91IHIzuFFECiLix"],0]],[1,"52nrwV3SpGSKgGXCOiqGv/",null,null,null,1,0]],[10,"kg1",33554432,7,[[2,-56,[0,"6966HjFs5DyaLVU+gJ0E8q"],[5,109,56]],[3,-57,[0,"e2inMA4m9LMYgW5Rgpy9h6"],2]],[1,"602mgTayJG85Y7fBlCIGhu",null,null,null,1,0]],[4,"kg3",33554432,7,[[2,-58,[0,"61Xuly8JtJeIDMp9IqJA1k"],[5,47,47]],[3,-59,[0,"55MypC7GdGpbsgld7XRvoW"],3]],[1,"0b9X/CQoNCW6N03BTFqakC",null,null,null,1,0],[1,27,0,0]],[4,"kg3",33554432,9,[[2,-60,[0,"2brGqTiApLS6KUXgYohEXH"],[5,47,47]],[3,-61,[0,"f8tQDhu2tNE5RtCLaSJe4l"],4]],[1,"7bFRtvKltOTr44QD5Qkz9A",null,null,null,1,0],[1,-27,0,0]],[10,"kg1",33554432,8,[[2,-62,[0,"aatl27/SlIZ42gHrE5FIcj"],[5,109,56]],[3,-63,[0,"36L6dOicJFSrt/R66OHMVK"],6]],[1,"f1Vmm0U7tFp7r+m6nXQTa1",null,null,null,1,0]],[4,"kg3",33554432,8,[[2,-64,[0,"298tgvXL1O9oLStqQo4Iop"],[5,47,47]],[3,-65,[0,"7dzXrgm59P4p8H9zVQBWWz"],7]],[1,"fbb9xqIC1EIb4N9t6nak04",null,null,null,1,0],[1,27,0,0]],[4,"kg3",33554432,10,[[2,-66,[0,"dbfwdmv29G6K+QssqO9muj"],[5,47,47]],[3,-67,[0,"3e71y/ejxMA68y/9UNOCJl"],8]],[1,"71iHJQ8aBOuLpGYitQaqUZ",null,null,null,1,0],[1,-27,0,0]],[4,"cxks",33554432,5,[[2,-68,[0,"14zIjdqJxNTJC9gYjs/YDi"],[5,176,45]],[3,-69,[0,"5aCK4ujrJKCp621hm66mUk"],10]],[1,"57VMp+QcNKZ6ipplMx+3OL",null,null,null,1,0],[1,0,8,0]],[4,"fhzy",33554432,6,[[2,-70,[0,"5dKqmXwmhISang8QX7QqZn"],[5,176,48]],[3,-71,[0,"374Sa/wnBBwpvN5PmKJHfY"],12]],[1,"cb++wcMJZNFYW+m/xEX6RD",null,null,null,1,0],[1,0,8,0]]],0,[0,5,1,0,0,1,0,0,1,0,0,1,0,-1,11,0,-2,4,0,-3,2,0,-4,3,0,-5,5,0,-6,6,0,0,2,0,0,2,0,0,2,0,3,9,0,4,7,0,0,2,0,0,2,0,-1,7,0,-2,9,0,0,3,0,0,3,0,0,3,0,3,10,0,4,8,0,0,3,0,0,3,0,-1,8,0,-2,10,0,0,4,0,0,4,0,6,4,0,0,4,0,0,4,0,0,5,0,0,5,0,0,5,0,0,5,0,-1,18,0,0,6,0,0,6,0,0,6,0,0,6,0,-1,19,0,0,7,0,-1,12,0,-2,13,0,0,8,0,-1,15,0,-2,16,0,0,9,0,-1,14,0,0,10,0,-1,17,0,0,11,0,0,11,0,0,12,0,0,12,0,0,13,0,0,13,0,0,14,0,0,14,0,0,15,0,0,15,0,0,16,0,0,16,0,0,17,0,0,17,0,0,18,0,0,18,0,0,19,0,0,19,0,7,1,71],[0,0,0,0,0,0,0,0,0,0,0,0,0,0],[1,1,1,1,1,1,1,1,1,1,1,1,1,1],[6,7,1,0,0,2,1,0,0,2,8,9,10,11]]]]
