[1,["4ddGtN/mJKpYskRKwMPEH5@f9941","f2/BVcOl9ONbZNelGfam7Z@f9941","d0cSkA/A9OL7+idfBVYMnv@f9941","dbz89HpY1GWZ1d91yuZJFL@f9941","f4sO3n6g9I/rnNZYYJcLKy@f9941","4ddGtN/mJKpYskRKwMPEH5@6c48a","d0cSkA/A9OL7+idfBVYMnv@6c48a","dbz89HpY1GWZ1d91yuZJFL@6c48a","f2/BVcOl9ONbZNelGfam7Z@6c48a"],["node","_spriteFrame","_textureSource","off","on","root","_target","data"],[["cc.Node",["_name","_layer","_active","_components","_prefab","_parent","_children","_lpos"],0,9,4,1,2,5],"cc.SpriteFrame",["cc.Sprite",["_sizeMode","_type","node","__prefab","_spriteFrame"],1,1,4,6],["cc.UITransform",["node","__prefab","_contentSize"],3,1,4,5],["cc.Button",["_transition","_zoomScale","node","__prefab","clickEvents","_normalColor","_target"],1,1,4,9,5,1],["cc.Prefab",["_name"],2],["cc.CompPrefabInfo",["fileId"],2],["cc.Widget",["_alignFlags","node","__prefab"],2,1,4],["1688935OTdLTa7kX+us2P+o",["uiType","node","__prefab"],2,1,4],["cc.PrefabInfo",["fileId","instance","targetOverrides","nestedPrefabInstanceRoots","root","asset"],-1,1,1],["cc.ClickEvent",["_componentId","handler","target"],1,1],["4772djXcEtGA6kLkEpQOZ0P",["node","__prefab","on","off"],3,1,4,1,1],["e858boYmuRNtaUbAZS8rSGo",["node","__prefab"],3,1,4]],[[6,0,2],[9,0,1,2,3,4,5,5],[3,0,1,2,1],[2,2,3,4,1],[0,0,1,5,3,4,7,3],[3,0,1,1],[0,0,1,5,3,4,3],[2,1,0,2,3,4,3],[10,0,1,2,3],[12,0,1,1],[0,0,1,5,6,3,4,7,3],[0,0,1,5,6,3,4,3],[0,0,2,1,5,6,3,4,4],[4,2,3,4,1],[11,0,1,2,3,1],[5,0,2],[0,0,1,6,3,4,3],[7,0,1,2,2],[8,0,1,2,2],[2,0,2,3,4,2],[4,0,1,2,3,4,5,6,3]],[[[[15,"UISetting"],[16,"UISetting",33554432,[-5,-6,-7,-8],[[2,-2,[0,"60zHXHwxFMnZs74HGargyM"],[5,0,0]],[17,18,-3,[0,"875465q/pBCroP4j//s/ZV"]],[18,1,-4,[0,"c38X1hA7pOgKEz9NLb0Vuo"]]],[1,"bfTvhK9ytDLZONZdJDb5/C",null,null,null,-1,0]],[10,"SwBgm",33554432,1,[-16,-17],[[2,-9,[0,"c2HKAlnAFBjbJ10pFxSTJL"],[5,109,56]],[7,1,2,-10,[0,"4cV/FJ85RN0aTB8mFZFe1r"],5],[13,-11,[0,"b3t2vd4AtO8IO8QpZzz/sh"],[[8,"1688935OTdLTa7kX+us2P+o","onSwBgmClick",1]]],[14,-14,[0,"05b6ZgIqNLs4EXEIqBUuPq"],-13,-12],[9,-15,[0,"c5RA69Z/9KGLcEkoyZie50"]]],[1,"09ygXa7RlPMqiqIVjXCc5C",null,null,null,1,0],[1,72,54,0]],[10,"SwSfx",33554432,1,[-25,-26],[[2,-18,[0,"27MtKkkERDwZQC3qg0wzK8"],[5,109,56]],[7,1,2,-19,[0,"c3G/cnYzlHqYHFo3Qurnmq"],9],[13,-20,[0,"97Rt3tXW1PC4bSEcO+IPN9"],[[8,"1688935OTdLTa7kX+us2P+o","onSwSfxClick",1]]],[14,-23,[0,"0dtMTIxX1MfqcrvdqfIjYp"],-22,-21],[9,-24,[0,"beTeCaq3RGLoAQYNigB3d5"]]],[1,"feYMghqJFN14a3WKWXUbPI",null,null,null,1,0],[1,72,-52,0]],[4,"BtnClose",33554432,1,[[2,-27,[0,"4b2aqlfdlMRKfCt72iQZX5"],[5,58,59]],[7,1,0,-28,[0,"40oR1yanJJ9Y23MAmxV6z/"],1],[20,3,1.1,-30,[0,"84lIr9GIhH7J/L6BXeQ0lB"],[[8,"1688935OTdLTa7kX+us2P+o","onBtnCloseClick",1]],[4,4292269782],-29],[9,-31,[0,"68dAOAChVH3ovV5Hbg0j1B"]]],[1,"aed8CnFphMnZ+uKX274Gt4",null,null,null,1,0],[1,201,174,0]],[11,"On",33554432,2,[-33,-34],[[5,-32,[0,"48mLNdHutOeI8j+HzuQu6h"]]],[1,"51eJTa3KRPyKRBv0n8UbTU",null,null,null,1,0]],[11,"On",33554432,3,[-36,-37],[[5,-35,[0,"08lbIKDlxCBrulXVK4WF0z"]]],[1,"d9y4nXOZFE9aVv7nPmyFeY",null,null,null,1,0]],[12,"Off",false,33554432,2,[-39],[[5,-38,[0,"43Nz8jIP9Fr4oFbBbGQSnO"]]],[1,"b7wkkiT1hKZ7qmaltAk4t1",null,null,null,1,0]],[12,"Off",false,33554432,3,[-41],[[5,-40,[0,"6a3l5Ti2hET59wVTGn05yT"]]],[1,"4erBoVqJNGz7GQp0BJktBH",null,null,null,1,0]],[6,"dk_sz",33554432,1,[[2,-42,[0,"8cR8cSrfhFhrZHTK71zaXt"],[5,461,436]],[19,2,-43,[0,"8bzfm2C91IHIzuFFECiLix"],0]],[1,"52nrwV3SpGSKgGXCOiqGv/",null,null,null,1,0]],[6,"kg1",33554432,5,[[2,-44,[0,"6966HjFs5DyaLVU+gJ0E8q"],[5,109,56]],[3,-45,[0,"e2inMA4m9LMYgW5Rgpy9h6"],2]],[1,"602mgTayJG85Y7fBlCIGhu",null,null,null,1,0]],[4,"kg3",33554432,5,[[2,-46,[0,"61Xuly8JtJeIDMp9IqJA1k"],[5,47,47]],[3,-47,[0,"55MypC7GdGpbsgld7XRvoW"],3]],[1,"0b9X/CQoNCW6N03BTFqakC",null,null,null,1,0],[1,27,0,0]],[4,"kg3",33554432,7,[[2,-48,[0,"2brGqTiApLS6KUXgYohEXH"],[5,47,47]],[3,-49,[0,"f8tQDhu2tNE5RtCLaSJe4l"],4]],[1,"7bFRtvKltOTr44QD5Qkz9A",null,null,null,1,0],[1,-27,0,0]],[6,"kg1",33554432,6,[[2,-50,[0,"aatl27/SlIZ42gHrE5FIcj"],[5,109,56]],[3,-51,[0,"36L6dOicJFSrt/R66OHMVK"],6]],[1,"f1Vmm0U7tFp7r+m6nXQTa1",null,null,null,1,0]],[4,"kg3",33554432,6,[[2,-52,[0,"298tgvXL1O9oLStqQo4Iop"],[5,47,47]],[3,-53,[0,"7dzXrgm59P4p8H9zVQBWWz"],7]],[1,"fbb9xqIC1EIb4N9t6nak04",null,null,null,1,0],[1,27,0,0]],[4,"kg3",33554432,8,[[2,-54,[0,"dbfwdmv29G6K+QssqO9muj"],[5,47,47]],[3,-55,[0,"3e71y/ejxMA68y/9UNOCJl"],8]],[1,"71iHJQ8aBOuLpGYitQaqUZ",null,null,null,1,0],[1,-27,0,0]]],0,[0,5,1,0,0,1,0,0,1,0,0,1,0,-1,9,0,-2,4,0,-3,2,0,-4,3,0,0,2,0,0,2,0,0,2,0,3,7,0,4,5,0,0,2,0,0,2,0,-1,5,0,-2,7,0,0,3,0,0,3,0,0,3,0,3,8,0,4,6,0,0,3,0,0,3,0,-1,6,0,-2,8,0,0,4,0,0,4,0,6,4,0,0,4,0,0,4,0,0,5,0,-1,10,0,-2,11,0,0,6,0,-1,13,0,-2,14,0,0,7,0,-1,12,0,0,8,0,-1,15,0,0,9,0,0,9,0,0,10,0,0,10,0,0,11,0,0,11,0,0,12,0,0,12,0,0,13,0,0,13,0,0,14,0,0,14,0,0,15,0,0,15,0,7,1,55],[0,0,0,0,0,0,0,0,0,0],[1,1,1,1,1,1,1,1,1,1],[3,4,1,0,0,2,1,0,0,2]],[[{"name":"kg3","rect":{"x":0,"y":0,"width":47,"height":47},"offset":{"x":0,"y":0},"originalSize":{"width":47,"height":47},"rotated":false,"capInsets":[0,0,0,0],"vertices":{"rawPosition":[-23.5,-23.5,0,23.5,-23.5,0,-23.5,23.5,0,23.5,23.5,0],"indexes":[0,1,2,2,1,3],"uv":[0,47,47,47,0,0,47,0],"nuv":[0,0,1,0,0,1,1,1],"minPos":{"x":-23.5,"y":-23.5,"z":0},"maxPos":{"x":23.5,"y":23.5,"z":0}},"packable":true,"pixelsToUnit":100,"pivot":{"x":0.5,"y":0.5},"meshType":0}],[1],0,[0],[2],[5]],[[{"name":"kg2","rect":{"x":0,"y":0,"width":109,"height":56},"offset":{"x":0,"y":0},"originalSize":{"width":109,"height":56},"rotated":false,"capInsets":[0,0,0,0],"vertices":{"rawPosition":[-54.5,-28,0,54.5,-28,0,-54.5,28,0,54.5,28,0],"indexes":[0,1,2,2,1,3],"uv":[0,56,109,56,0,0,109,0],"nuv":[0,0,1,0,0,1,1,1],"minPos":{"x":-54.5,"y":-28,"z":0},"maxPos":{"x":54.5,"y":28,"z":0}},"packable":true,"pixelsToUnit":100,"pivot":{"x":0.5,"y":0.5},"meshType":0}],[1],0,[0],[2],[6]],[[{"name":"dk_sz2","rect":{"x":0,"y":0,"width":461,"height":436},"offset":{"x":0,"y":0},"originalSize":{"width":461,"height":436},"rotated":false,"capInsets":[0,0,0,0],"vertices":{"rawPosition":[-230.5,-218,0,230.5,-218,0,-230.5,218,0,230.5,218,0],"indexes":[0,1,2,2,1,3],"uv":[0,436,461,436,0,0,461,0],"nuv":[0,0,1,0,0,1,1,1],"minPos":{"x":-230.5,"y":-218,"z":0},"maxPos":{"x":230.5,"y":218,"z":0}},"packable":true,"pixelsToUnit":100,"pivot":{"x":0.5,"y":0.5},"meshType":0}],[1],0,[0],[2],[7]],[[{"name":"kg1","rect":{"x":0,"y":0,"width":109,"height":56},"offset":{"x":0,"y":0},"originalSize":{"width":109,"height":56},"rotated":false,"capInsets":[0,0,0,0],"vertices":{"rawPosition":[-54.5,-28,0,54.5,-28,0,-54.5,28,0,54.5,28,0],"indexes":[0,1,2,2,1,3],"uv":[0,56,109,56,0,0,109,0],"nuv":[0,0,1,0,0,1,1,1],"minPos":{"x":-54.5,"y":-28,"z":0},"maxPos":{"x":54.5,"y":28,"z":0}},"packable":true,"pixelsToUnit":100,"pivot":{"x":0.5,"y":0.5},"meshType":0}],[1],0,[0],[2],[8]]]]
