[1,["c6IPageNZHe4rdrzCwxZ1+@6c48a"],["_textureSource"],["cc.SpriteFrame"],0,[{"name":"普通领取","rect":{"x":0,"y":0,"width":133,"height":32},"offset":{"x":0,"y":0},"originalSize":{"width":133,"height":32},"rotated":false,"capInsets":[0,0,0,0],"vertices":{"rawPosition":[-66.5,-16,0,66.5,-16,0,-66.5,16,0,66.5,16,0],"indexes":[0,1,2,2,1,3],"uv":[0,32,133,32,0,0,133,0],"nuv":[0,0,1,0,0,1,1,1],"minPos":{"x":-66.5,"y":-16,"z":0},"maxPos":{"x":66.5,"y":16,"z":0}},"packable":true,"pixelsToUnit":100,"pivot":{"x":0.5,"y":0.5},"meshType":0}],[0],0,[0],[0],[0]]
