[1,["7dj5uJT9FMn6OrOOx83tfK@6c48a","7dj5uJT9FMn6OrOOx83tfK@f9941","b5oqOKe9hNyL9f8IqboiXm@f9941","98JglpIyJPOqj0ywFgskUx@f9941","463VzSk+lNHKzl31mlB6Rf@f9941"],["node","_spriteFrame","_parent","_textureSource","_cameraComponent","popUpMask","logo","gc2UiTrans","gc1UiTrans","scene"],[["cc.Node",["_name","_layer","_objFlags","_id","_active","_components","_parent","_children","_lpos"],-2,9,1,2,5],["cc.Sprite",["_sizeMode","_type","node","_spriteFrame","_color"],1,1,6,5],["cc.UITransform",["node","_contentSize","_anchorPoint"],3,1,5,5],["cc.Widget",["_alignFlags","_originalWidth","_originalHeight","node"],0,1],"cc.SpriteFrame",["cc.SceneAsset",["_name"],2],["cc.Node",["_name","_layer","_parent","_components","_lpos"],1,1,12,5],["cc.Node",["_name","_objFlags","_parent","_components","_lpos"],1,1,2,5],["cc.Canvas",["node","_cameraComponent"],3,1,1],["92bdbvKAAdD+ZRAMRSW3Jtb",["node"],3,1],["2c522MGUX1PWKPa7gjqU4Ab",["node","popUpMask"],3,1,1],["cc.BlockInputEvents",["node"],3,1],["88497k+5f9KULRgNBBQ+4rG",["node","gc1UiTrans","gc2UiTrans","logo"],3,1,1,1,1],["cc.Scene",["_name","_children","_prefab","_globals"],2,2,4,4],["cc.PrefabInfo",["root","asset","fileId","instance","targetOverrides","nestedPrefabInstanceRoots"],-3],["cc.SceneGlobals",["ambient","shadows","_skybox","fog","octree","skin","lightProbeInfo","postSettings"],3,4,4,4,4,4,4,4,4],["cc.AmbientInfo",["_skyColorHDR","_groundAlbedoHDR"],3,5,5],["cc.ShadowsInfo",["_shadowColor","_size"],3,5,5],["cc.SkyboxInfo",[],3],["cc.FogInfo",[],3],["cc.OctreeInfo",[],3],["cc.SkinInfo",["_enabled"],2],["cc.LightProbeInfo",[],3],["cc.PostSettingsInfo",[],3],["9b7dfe7eXxHR4G7BQOM8lL3",["node"],3,1],["fc7ab3uDQZMAr967dLrCODL",["node"],3,1],["cc.AudioSource",["_playOnAwake","node"],2,1],["79432KzY8JGh7M/c0pay+I1",["node"],3,1],["9a7eeGxAlpJtL+cEC8eYEST",["node"],3,1],["9a36f5tW91Gnp7BUUKYgzAc",["node"],3,1],["cc.Camera",["_projection","_orthoHeight","_near","_visibility","node","_color"],-1,1,5]],[[2,0,1,1],[3,0,1,2,3,4],[0,0,2,1,6,5,4],[0,0,2,3,6,5,4],[3,0,3,2],[11,0,1],[0,0,2,1,6,7,5,4],[0,0,1,6,5,3],[6,0,1,2,3,4,3],[2,0,1,2,1],[1,1,0,2,3,3],[5,0,2],[0,0,2,1,3,7,5,8,5],[0,0,1,6,7,5,3],[0,0,2,4,1,5,5],[7,0,1,2,3,4,3],[8,0,1,1],[9,0,1],[10,0,1,1],[12,0,1,2,3,1],[1,0,2,4,3,2],[1,2,3,1],[13,0,1,2,3,2],[14,0,1,2,3,4,5,7],[15,0,1,2,3,4,5,6,7,1],[16,0,1,1],[17,0,1,1],[18,1],[19,1],[20,1],[21,0,2],[22,1],[23,1],[24,0,1],[25,0,1],[26,0,1,2],[27,0,1],[28,0,1],[29,0,1],[30,0,1,2,3,4,5,5]],[[[{"name":"default_sprite_splash","rect":{"x":0,"y":0,"width":2,"height":2},"offset":{"x":0,"y":0},"originalSize":{"width":2,"height":2},"rotated":false,"capInsets":[0,0,0,0],"vertices":{"rawPosition":[-1,-1,0,1,-1,0,-1,1,0,1,1,0],"indexes":[0,1,2,2,1,3],"uv":[0,2,2,2,0,0,2,0],"nuv":[0,0,1,0,0,1,1,1],"minPos":{"x":-1,"y":-1,"z":0},"maxPos":{"x":1,"y":1,"z":0}},"packable":true,"pixelsToUnit":100,"pivot":{"x":0.5,"y":0.5},"meshType":0}],[4],0,[0],[3],[0]],[[[11,"main"],[12,"Canvas",512,33554432,"beI88Z2HpFELqR4T5EMHpg",[-6,-7,-8,-9,-10],[[0,-1,[5,720,1600]],[16,-3,-2],[4,45,-4],[17,-5]],[1,360,800,0]],[6,"UIMgr",512,33554432,1,[-15,-16,-17,-18],[[0,-11,[5,720,1600]],[1,45,100,100,-12],[18,-14,-13]]],[13,"TransMgr",33554432,1,[-26,-27,-28],[[0,-19,[5,720,1600]],[1,45,100,100,-20],[5,-21],[19,-25,-24,-23,-22]]],[14,"PopUpMask",512,false,33554432,[[0,-29,[5,720,1280]],[20,0,-30,[4,2684354560],0],[1,45,100,100,-31],[5,-32]]],[22,"main",[-33,-34,-35,1],[23,null,null,"abb30dd1-dbd3-4ab0-aa8b-0b53e8c186be",null,null,null],[24,[25,[2,0,0,0,0.520833125],[2,0,0,0,0]],[26,[4,4283190348],[0,512,512]],[27],[28],[29],[30,false],[31],[32]]],[7,"InputBlock",33554432,1,[[0,-36,[5,720,1600]],[5,-37],[33,-38],[1,45,100,100,-39]]],[2,"GameMgr",512,33554432,1,[[0,-40,[5,720,1600]],[1,45,100,100,-41],[34,-42]]],[6,"PopUp",512,33554432,2,[4],[[0,-43,[5,720,1600]],[1,45,100,100,-44]]],[8,"gc2",33554432,3,[[-45,[10,2,0,-46,1],[4,1,-47]],1,4,4],[1,0,800,0]],[8,"gc1",33554432,3,[[-48,[10,2,2,-49,2],[4,1,-50]],1,4,4],[1,0,800,0]],[7,"logo",33554432,3,[[0,-51,[5,506,298]],[21,-52,3]]],[3,"AudioMgr",512,"dd/XgqD2hKnqzNWBmZCxjl",5,[[35,false,-53],[36,-54]]],[2,"Common",512,33554432,2,[[0,-55,[5,720,1600]],[1,45,100,100,-56]]],[2,"Top",512,33554432,2,[[0,-57,[5,720,1600]],[1,45,100,100,-58]]],[2,"Toast",512,33554432,2,[[0,-59,[5,720,1600]],[1,45,100,100,-60]]],[3,"EventMgr",512,"3444Aw9XJKSLk6wcaerhVD",5,[[37,-61]]],[3,"TimeMgr",512,"8cGDVSz2pOR7JPaVrBP2e8",5,[[38,-62]]],[15,"Camera",512,1,[-63],[1,0,0,1000]],[39,0,800,0,1108344832,18,[4,4278190080]],[9,9,[5,720,1600],[0,0.5,1]],[9,10,[5,720,180],[0,0.5,1]]],0,[0,0,1,0,4,19,0,0,1,0,0,1,0,0,1,0,-1,18,0,-2,7,0,-3,2,0,-4,3,0,-5,6,0,0,2,0,0,2,0,5,4,0,0,2,0,-1,13,0,-2,8,0,-3,14,0,-4,15,0,0,3,0,0,3,0,0,3,0,6,11,0,7,20,0,8,21,0,0,3,0,-1,9,0,-2,10,0,-3,11,0,0,4,0,0,4,0,0,4,0,0,4,0,-1,16,0,-2,17,0,-3,12,0,0,6,0,0,6,0,0,6,0,0,6,0,0,7,0,0,7,0,0,7,0,0,8,0,0,8,0,-1,20,0,0,9,0,0,9,0,-1,21,0,0,10,0,0,10,0,0,11,0,0,11,0,0,12,0,0,12,0,0,13,0,0,13,0,0,14,0,0,14,0,0,15,0,0,15,0,0,16,0,0,17,0,-1,19,0,9,5,1,2,5,4,2,8,63],[0,0,0,0],[1,1,1,1],[1,2,3,4]]]]
