[1,["3bw+uS8VVA0ph/AJ3c8AD1@6c48a","463VzSk+lNHKzl31mlB6Rf@6c48a","78y/45V1FLTb4ZyfN1AMh3@6c48a","3bw+uS8VVA0ph/AJ3c8AD1@f9941","463VzSk+lNHKzl31mlB6Rf@f9941","fdh0xcKXdEipHCXCk/VqOd@f9941","78y/45V1FLTb4ZyfN1AMh3@f9941","ccckdS7DhDbqm8uG6IqIxW@f9941","ccckdS7DhDbqm8uG6IqIxW@6c48a","fdh0xcKXdEipHCXCk/VqOd@6c48a"],["node","_textureSource","_spriteFrame","root","_barSprite","data"],["cc.SpriteFrame",["cc.Node",["_name","_layer","_components","_prefab","_parent","_children","_lpos"],1,9,4,1,2,5],["cc.Widget",["_alignFlags","_originalWidth","_originalHeight","_bottom","_top","node","__prefab"],-2,1,4],["cc.Sprite",["_type","_sizeMode","node","__prefab","_spriteFrame"],1,1,4,6],["cc.UITransform",["node","__prefab","_contentSize","_anchorPoint"],3,1,4,5,5],["cc.Prefab",["_name"],2],["cc.Node",["_name","_layer","_parent","_components","_prefab","_lpos"],1,1,12,4,5],["cc.CompPrefabInfo",["fileId"],2],["463adtvr1NIE7o+HgOS2qHr",["node","__prefab"],3,1,4],["cc.PrefabInfo",["fileId","instance","targetOverrides","nestedPrefabInstanceRoots","root","asset"],-1,1,1],["cc.ProgressBar",["_mode","_progress","node","__prefab","_barSprite"],1,1,4,1],["cc.Label",["_string","_actualFontSize","_fontSize","_lineHeight","_isBold","node","__prefab"],-2,1,4]],[[7,0,2],[9,0,1,2,3,4,5,5],[4,0,1,2,1],[1,0,1,4,2,3,6,3],[3,2,3,4,1],[2,0,3,5,6,3],[5,0,2],[1,0,1,5,2,3,3],[1,0,1,4,5,2,3,6,3],[1,0,1,4,2,3,3],[6,0,1,2,3,4,5,3],[4,0,1,2,3,1],[2,0,1,2,5,6,4],[2,0,4,5,6,3],[8,0,1,1],[3,0,1,2,3,4,3],[3,0,1,2,3,3],[10,0,1,2,3,4,3],[11,0,1,2,3,4,5,6,6]],[[[{"name":"loading _bg","rect":{"x":0,"y":0,"width":720,"height":1600},"offset":{"x":0,"y":0},"originalSize":{"width":720,"height":1600},"rotated":false,"capInsets":[0,0,0,0],"vertices":{"rawPosition":[-360,-800,0,360,-800,0,-360,800,0,360,800,0],"indexes":[0,1,2,2,1,3],"uv":[0,1600,720,1600,0,0,720,0],"nuv":[0,0,1,0,0,1,1,1],"minPos":{"x":-360,"y":-800,"z":0},"maxPos":{"x":360,"y":800,"z":0}},"packable":true,"pixelsToUnit":100,"pivot":{"x":0.5,"y":0.5},"meshType":0}],[0],0,[0],[1],[0]],[[{"name":"logo","rect":{"x":7,"y":5,"width":506,"height":298},"offset":{"x":3.5,"y":-2.5},"originalSize":{"width":513,"height":303},"rotated":false,"capInsets":[0,0,0,0],"vertices":{"rawPosition":[-253,-149,0,253,-149,0,-253,149,0,253,149,0],"indexes":[0,1,2,2,1,3],"uv":[7,298,513,298,7,0,513,0],"nuv":[0.01364522417153996,0,1,0,0.01364522417153996,0.9834983498349835,1,0.9834983498349835],"minPos":{"x":-253,"y":-149,"z":0},"maxPos":{"x":253,"y":149,"z":0}},"packable":true,"pixelsToUnit":100,"pivot":{"x":0.5,"y":0.5},"meshType":0}],[0],0,[0],[1],[1]],[[{"name":"8+","rect":{"x":0,"y":0,"width":106,"height":136},"offset":{"x":0,"y":0},"originalSize":{"width":106,"height":136},"rotated":false,"capInsets":[0,0,0,0],"vertices":{"rawPosition":[-53,-68,0,53,-68,0,-53,68,0,53,68,0],"indexes":[0,1,2,2,1,3],"uv":[0,136,106,136,0,0,106,0],"nuv":[0,0,1,0,0,1,1,1],"minPos":{"x":-53,"y":-68,"z":0},"maxPos":{"x":53,"y":68,"z":0}},"packable":true,"pixelsToUnit":100,"pivot":{"x":0.5,"y":0.5},"meshType":0}],[0],0,[0],[1],[2]],[[[6,"UILoading"],[7,"UILoading",33554432,[-5,-6,-7,-8,-9],[[2,-2,[0,"fa7uj/ChlOHbJMdn17HI2G"],[5,720,1600]],[12,45,100,100,-3,[0,"3dOKTKrU1KAIkjORjO47EE"]],[14,-4,[0,"f9IhHQahJHj4l9ACVQCK5L"]]],[1,"1cjSYwEnBOc5yDU/1dnMRc",null,null,null,-1,0]],[8,"ProgressBar",33554432,1,[-15],[[2,-10,[0,"59WfPnlf1Ir78/PYmIJy0A"],[5,489,57]],[15,1,2,-11,[0,"5cbdB73hpHua/Mdn2RU78w"],2],[17,2,0,-13,[0,"aekdxQVl1CHrFZPfRyKTBt"],-12],[5,20,400,-14,[0,"4fvWY1tyhP/rEr2CbbHZq7"]]],[1,"d3O3ICXtBLtZReDKtWF0rm",null,null,null,1,0],[1,0,-371.5,0]],[3,"Logo",33554432,1,[[2,-16,[0,"54O00L/TZMXqdZSfhoP0aO"],[5,506,298]],[4,-17,[0,"46RVqW/gFGcLLG/yJrl5up"],1],[13,1,90,-18,[0,"1d7++SVr5LvY+IrOY54H9o"]]],[1,"37HtvXBEhKN7ItzVsWZPr+",null,null,null,1,0],[1,0,561,0]],[3,"LbAdvice",33554432,1,[[2,-19,[0,"6cW8yyPSNGzbXjrTKYC7og"],[5,672,91.28]],[18,"《健康游戏忠告》\n抵制不良游戏，拒绝盗版游戏。注意自我保护，谨防受骗上当。\n适度游戏益脑，沉迷游戏伤身。合理安排时间，享受健康生活。",24,24,28,true,-20,[0,"1fZdp7IthCWKrfZW7EM/+r"]],[5,4,50,-21,[0,"79UQRFFX9K9rdhrgcfXlWd"]]],[1,"7enPkYWnJFnZObX7TIhLrU",null,null,null,1,0],[1,0,-704.36,0]],[9,"Bg",33554432,1,[[2,-22,[0,"e3+VVAQZZOc5zuSMuiXxyZ"],[5,720,1600]],[4,-23,[0,"dcbhQ7ZpBIxa8zVaENgb7S"],0]],[1,"ddr0Dh2uBH9Yr/6P6KXwlv",null,null,null,1,0]],[10,"Bar",33554432,2,[[[11,-24,[0,"26MD7ySAFPjIiutNWmfdeN"],[5,489,25],[0,0,0.5]],-25],4,1],[1,"c3gDV95MdAC5Oo8FHnEObQ",null,null,null,1,0],[1,-245,-16,0]],[3,"8+",33554432,1,[[2,-26,[0,"4ftLJnySJMiI0WZch7FU43"],[5,106,136]],[4,-27,[0,"b7W9YbK29M55aVrWomGTuG"],3]],[1,"84wuLRaeJOapI3GKyIq8Qf",null,null,null,1,0],[1,280,0,0]],[16,3,2,6,[0,"79HbVSItZF4IBMGam8ZmLE"]]],0,[0,3,1,0,0,1,0,0,1,0,0,1,0,-1,5,0,-2,3,0,-3,2,0,-4,7,0,-5,4,0,0,2,0,0,2,0,4,8,0,0,2,0,0,2,0,-1,6,0,0,3,0,0,3,0,0,3,0,0,4,0,0,4,0,0,4,0,0,5,0,0,5,0,0,6,0,-2,8,0,0,7,0,0,7,0,5,1,27],[0,0,0,0,8],[2,2,2,2,2],[3,4,5,6,7]],[[{"name":"loading1","rect":{"x":1,"y":0,"width":488,"height":25},"offset":{"x":0.5,"y":0},"originalSize":{"width":489,"height":25},"rotated":false,"capInsets":[0,0,0,0],"vertices":{"rawPosition":[-244,-12.5,0,244,-12.5,0,-244,12.5,0,244,12.5,0],"indexes":[0,1,2,2,1,3],"uv":[1,25,489,25,1,0,489,0],"nuv":[0.002044989775051125,0,1,0,0.002044989775051125,1,1,1],"minPos":{"x":-244,"y":-12.5,"z":0},"maxPos":{"x":244,"y":12.5,"z":0}},"packable":true,"pixelsToUnit":100,"pivot":{"x":0.5,"y":0.5},"meshType":0}],[0],0,[0],[1],[8]],[[{"name":"loaing2","rect":{"x":1,"y":0,"width":488,"height":57},"offset":{"x":0.5,"y":0},"originalSize":{"width":489,"height":57},"rotated":false,"capInsets":[0,0,0,0],"vertices":{"rawPosition":[-244,-28.5,0,244,-28.5,0,-244,28.5,0,244,28.5,0],"indexes":[0,1,2,2,1,3],"uv":[1,57,489,57,1,0,489,0],"nuv":[0.002044989775051125,0,1,0,0.002044989775051125,1,1,1],"minPos":{"x":-244,"y":-28.5,"z":0},"maxPos":{"x":244,"y":28.5,"z":0}},"packable":true,"pixelsToUnit":100,"pivot":{"x":0.5,"y":0.5},"meshType":0}],[0],0,[0],[1],[9]]]]
