[1,["03oP+PP2dBALJ2zE0V3jzy@6c48a","1etq2fJgJNobSu1YaDO/XI@6c48a","1etq2fJgJNobSu1YaDO/XI@f9941","45Xn64PvZD27osZWnGNtYN@f9941","6fGPaAA+ZLcIOIO12l/xqg@f9941","51bl+4eVNCU4SOARC6Wm9i@f9941","4b9xVjDJdJ5rW5x5q/B6Bn@f9941","1cxweKF1BPKqa2nzXNijpM@f9941","03oP+PP2dBALJ2zE0V3jzy@f9941","9730hnrnRIz6mZSDy6ycxv","f4sO3n6g9I/rnNZYYJcLKy@f9941","4b9xVjDJdJ5rW5x5q/B6Bn@6c48a","6fGPaAA+ZLcIOIO12l/xqg@6c48a"],["node","_spriteFrame","_textureSource","_target","root","data","asset"],[["cc.Node",["_name","_layer","_objFlags","__editorExtras__","_prefab","_components","_parent","_children","_lpos"],-1,4,9,1,2,5],"cc.SpriteFrame",["cc.Sprite",["_sizeMode","_type","node","__prefab","_spriteFrame"],1,1,4,6],["cc.Prefab",["_name"],2],["cc.UITransform",["node","__prefab","_contentSize"],3,1,4,5],["cc.CompPrefabInfo",["fileId"],2],["cc.Widget",["_alignFlags","_verticalCenter","node","__prefab"],1,1,4],["53080JFSltPuag+WxVvfmJN",["uiType","node","__prefab"],2,1,4],["cc.PrefabInfo",["fileId","instance","targetOverrides","root","asset","nestedPrefabInstanceRoots"],0,1,1,2],["cc.PrefabInfo",["fileId","instance","targetOverrides","nestedPrefabInstanceRoots","root","asset"],-1,1,1],["cc.PrefabInfo",["fileId","targetOverrides","nestedPrefabInstanceRoots","root","instance","asset"],0,1,4,6],["cc.Button",["_transition","_zoomScale","node","__prefab","clickEvents","_normalColor","_target"],1,1,4,9,5,1],["cc.ClickEvent",["_componentId","handler","target"],1,1],["e858boYmuRNtaUbAZS8rSGo",["node","__prefab"],3,1,4],["cc.TargetInfo",["localID"],2],["cc.Label",["_string","_actualFontSize","_fontSize","_lineHeight","_isBold","_enableOutline","_outlineWidth","node","__prefab","_outlineColor"],-4,1,4,5],["cc.PrefabInstance",["fileId","prefabRootNode","propertyOverrides"],2,1,9],["CCPropertyOverrideInfo",["value","propertyPath","targetInfo"],1,1],["CCPropertyOverrideInfo",["propertyPath","targetInfo","value"],2,1,8]],[[5,0,2],[4,0,1,2,1],[9,0,1,2,3,4,5,5],[0,0,1,6,5,4,8,3],[17,0,1,2,3],[2,1,0,2,3,4,3],[2,2,3,4,1],[11,0,1,2,3,4,5,6,3],[12,0,1,2,3],[13,0,1,1],[18,0,1,2,2],[0,0,1,6,7,5,4,8,3],[14,0,2],[3,0,2],[0,0,1,7,5,4,3],[0,0,1,6,5,4,3],[0,2,3,6,4,3],[6,0,1,2,3,3],[7,0,1,2,2],[8,0,1,2,3,4,5,4],[10,0,1,2,3,4,5,4],[2,0,2,3,4,2],[15,0,1,2,3,4,5,6,7,8,9,8],[16,0,1,2,2]],[[[{"name":"zz","rect":{"x":0,"y":0,"width":30,"height":44},"offset":{"x":0,"y":0},"originalSize":{"width":30,"height":44},"rotated":false,"capInsets":[0,0,0,0],"vertices":{"rawPosition":[-15,-22,0,15,-22,0,-15,22,0,15,22,0],"indexes":[0,1,2,2,1,3],"uv":[0,44,30,44,0,0,30,0],"nuv":[0,0,1,0,0,1,1,1],"minPos":{"x":-15,"y":-22,"z":0},"maxPos":{"x":15,"y":22,"z":0}},"packable":true,"pixelsToUnit":100,"pivot":{"x":0.5,"y":0.5},"meshType":0}],[1],0,[0],[2],[0]],[[{"name":"dk_gxgg","rect":{"x":0,"y":0,"width":461,"height":650},"offset":{"x":0,"y":0},"originalSize":{"width":461,"height":650},"rotated":false,"capInsets":[0,0,0,0],"vertices":{"rawPosition":[-230.5,-325,0,230.5,-325,0,-230.5,325,0,230.5,325,0],"indexes":[0,1,2,2,1,3],"uv":[0,650,461,650,0,0,461,0],"nuv":[0,0,1,0,0,1,1,1],"minPos":{"x":-230.5,"y":-325,"z":0},"maxPos":{"x":230.5,"y":325,"z":0}},"packable":true,"pixelsToUnit":100,"pivot":{"x":0.5,"y":0.5},"meshType":0}],[1],0,[0],[2],[1]],[[[13,"UIWin"],[14,"UIWin",33554432,[-6,-7,-8,-9,-10,-11,-12],[[1,-3,[0,"75G83PAF5GKZxmSJgn+gYJ"],[5,720,1600]],[17,45,100,-4,[0,"88A+XgwCJHqp3vz2wk+Dvv"]],[18,1,-5,[0,"a8XxpA7QRO1rP4qrT2UJOJ"]]],[19,"512zN/ZwNNcoecIzyYd/BD",null,[],-2,0,[-1]]],[11,"BtnMulti",33554432,1,[-18,-19],[[1,-13,[0,"609Nps1jtNEq+EHF06Li1h"],[5,259,108]],[5,1,2,-14,[0,"a54LqiO9VBHbQr65utcEQt"],3],[7,3,1.1,-16,[0,"eb6Kp8cxxKhrHMysVXXV/9"],[[8,"53080JFSltPuag+WxVvfmJN","onBtnMultiClick",1]],[4,4292269782],-15],[9,-17,[0,"29l4mHIAdAXLxGw2OKxtSs"]]],[2,"71aY92gEhB4LS/qOa1TXVO",null,null,null,1,0],[1,0,-120,0]],[11,"BtnNext",33554432,1,[-25],[[1,-20,[0,"f7QGtQ7oZDWpfxhZdS8QcN"],[5,259,108]],[5,1,2,-21,[0,"00aZl9j9dCwqkigmxavNLw"],5],[7,3,1.1,-23,[0,"52D7jfePVIYKMBJ025Q/Ae"],[[8,"53080JFSltPuag+WxVvfmJN","onBtnNextClick",1]],[4,4292269782],-22],[9,-24,[0,"6dv1OkRqNITKmIZfiJkZLe"]]],[2,"49A3uM1alEFJxdFHS0r4Kj",null,null,null,1,0],[1,0,-230,0]],[3,"BtnClose",33554432,1,[[1,-26,[0,"f7bSJu4UNIfbsNoFZTFPyp"],[5,58,59]],[5,1,0,-27,[0,"9cH14nOf9I45WQdBLNf1eM"],8],[7,3,1.1,-29,[0,"b4EO+bEkNBnIQ5U7G+hL5K"],[[8,"53080JFSltPuag+WxVvfmJN","onBtnCloseClick",1]],[4,4292269782],-28],[9,-30,[0,"241No5OkhFmLywAXdyuSHK"]]],[2,"b5ehVwxjlGbJ+DOGXi6whN",null,null,null,1,0],[1,205,280,0]],[12,["f2AWmxhlFHkbLMHoU0sQHK"]],[12,["f3Bka97HBLC70aYs8RpRDZ"]],[15,"Bg",33554432,1,[[1,-31,[0,"edFwfoHL1OOaPLx6zExWLJ"],[5,461,650]],[5,1,2,-32,[0,"afJ/mp5XFIRqMGQXtFxlHm"],0]],[2,"8eQUV47+JKspcB75p+tXgZ",null,null,null,1,0]],[3,"shipin3",33554432,2,[[1,-33,[0,"3fuYvsURVFZJOfl6sE9xpL"],[5,55,42]],[6,-34,[0,"a6q7wh45lMupJBx70MSu2H"],1]],[2,"03ndxXmrZMao0Lgm3wk+FK",null,null,null,1,0],[1,-92,8,0]],[3,"多倍领取",33554432,2,[[1,-35,[0,"4fNEbAl6ZNxZ0f8GsEv42g"],[5,183,47]],[6,-36,[0,"46FCoHJmtCRoeve7jvkLl9"],2]],[2,"79qkXGfq9F3bM+8iiAnLuH",null,null,null,1,0],[1,28,8,0]],[3,"下一关",33554432,3,[[1,-37,[0,"36jbyAxbxAv7OoAie31MrF"],[5,137,48]],[6,-38,[0,"eduix58KRIpo6LCfOIEsER"],4]],[2,"d7o1sX+6dJoYX8D1V19kKT",null,null,null,1,0],[1,0,9,0]],[3,"Pointer",33554432,1,[[1,-39,[0,"d5HHZWobZOWoid1RPMYy7L"],[5,30,44]],[21,2,-40,[0,"c6O7k2jyVFwLChwotZeWWx"],6]],[2,"73INXcO9FBT4ujDmow8t+y",null,null,null,1,0],[1,-120,-25,0]],[3,"LbCoin",33554432,1,[[1,-41,[0,"ef632G+qlGKqyQz255thmV"],[5,121.23046875,75.52]],[22,"x100",50,50,52,true,true,5,-42,[0,"17JgwbMZ5KjprJHolGciQP"],[4,4281164456]]],[2,"859lx1ma9FYL58QMaOTQjh",null,null,null,1,0],[1,0,76,0]],[16,0,{},1,[20,"f3Bka97HBLC70aYs8RpRDZ",null,null,-43,[23,"65qFe9tf9C3KJShfquY7V7",1,[[4,"CoinItem",["_name"],6],[10,["_lpos"],6,[1,220,645,0]],[10,["_lrot"],6,[3,0,0,0,1]],[10,["_euler"],6,[1,0,0,0]],[4,17,["_alignFlags"],5],[4,60,["_right"],5],[4,124,["_top"],5],[4,33,["_lockFlags"],5],[4,220,["_horizontalCenter"],5]]],7]]],0,[0,-1,13,0,4,1,0,0,1,0,0,1,0,0,1,0,-1,7,0,-2,2,0,-3,3,0,-4,11,0,-5,12,0,-6,13,0,-7,4,0,0,2,0,0,2,0,3,2,0,0,2,0,0,2,0,-1,8,0,-2,9,0,0,3,0,0,3,0,3,3,0,0,3,0,0,3,0,-1,10,0,0,4,0,0,4,0,3,4,0,0,4,0,0,4,0,0,7,0,0,7,0,0,8,0,0,8,0,0,9,0,0,9,0,0,10,0,0,10,0,0,11,0,0,11,0,0,12,0,0,12,0,4,13,0,5,1,43],[0,0,0,0,0,0,0,0,0],[1,1,1,1,1,1,1,6,1],[2,3,4,5,6,7,8,9,10]],[[{"name":"下一关","rect":{"x":0,"y":0,"width":137,"height":48},"offset":{"x":0,"y":0},"originalSize":{"width":137,"height":48},"rotated":false,"capInsets":[0,0,0,0],"vertices":{"rawPosition":[-68.5,-24,0,68.5,-24,0,-68.5,24,0,68.5,24,0],"indexes":[0,1,2,2,1,3],"uv":[0,48,137,48,0,0,137,0],"nuv":[0,0,1,0,0,1,1,1],"minPos":{"x":-68.5,"y":-24,"z":0},"maxPos":{"x":68.5,"y":24,"z":0}},"packable":true,"pixelsToUnit":100,"pivot":{"x":0.5,"y":0.5},"meshType":0}],[1],0,[0],[2],[11]],[[{"name":"多倍领取","rect":{"x":0,"y":0,"width":183,"height":47},"offset":{"x":0,"y":0},"originalSize":{"width":183,"height":47},"rotated":false,"capInsets":[0,0,0,0],"vertices":{"rawPosition":[-91.5,-23.5,0,91.5,-23.5,0,-91.5,23.5,0,91.5,23.5,0],"indexes":[0,1,2,2,1,3],"uv":[0,47,183,47,0,0,183,0],"nuv":[0,0,1,0,0,1,1,1],"minPos":{"x":-91.5,"y":-23.5,"z":0},"maxPos":{"x":91.5,"y":23.5,"z":0}},"packable":true,"pixelsToUnit":100,"pivot":{"x":0.5,"y":0.5},"meshType":0}],[1],0,[0],[2],[12]]]]
