[1,["5eVbd+AcRKV5aq9r0nZ4hk@6c48a","d4P5gs39xFtJjSzbFLyPSU@6c48a","d4P5gs39xFtJjSzbFLyPSU@f9941","45Xn64PvZD27osZWnGNtYN@f9941","5eVbd+AcRKV5aq9r0nZ4hk@f9941","51bl+4eVNCU4SOARC6Wm9i@f9941","f4sO3n6g9I/rnNZYYJcLKy@f9941"],["node","_spriteFrame","_textureSource","root","_target","data"],[["cc.Node",["_name","_layer","_components","_prefab","_parent","_children","_lpos"],1,9,4,1,2,5],["cc.Sprite",["_type","_sizeMode","node","__prefab","_spriteFrame"],1,1,4,6],"cc.SpriteFrame",["cc.Button",["_transition","_zoomScale","node","__prefab","clickEvents","_normalColor","_target"],1,1,4,9,5,1],["e858boYmuRNtaUbAZS8rSGo",["closeUI","node","__prefab"],2,1,4],["cc.Prefab",["_name"],2],["cc.UITransform",["node","__prefab","_contentSize"],3,1,4,5],["cc.CompPrefabInfo",["fileId"],2],["cc.Widget",["_alignFlags","node","__prefab"],2,1,4],["333753Gd1FCyY4QcMBJbrLh",["uiType","node","__prefab"],2,1,4],["cc.PrefabInfo",["fileId","instance","targetOverrides","nestedPrefabInstanceRoots","root","asset"],-1,1,1],["cc.ClickEvent",["_componentId","handler","target"],1,1],["cc.Label",["_string","_actualFontSize","_fontSize","_lineHeight","_isBold","_enableOutline","_outlineWidth","node","__prefab","_outlineColor"],-4,1,4,5]],[[7,0,2],[6,0,1,2,1],[10,0,1,2,3,4,5,5],[0,0,1,4,2,3,6,3],[1,2,3,4,1],[1,0,1,2,3,4,3],[12,0,1,2,3,4,5,6,7,8,9,8],[5,0,2],[0,0,1,5,2,3,3],[0,0,1,4,5,2,3,6,3],[0,0,1,4,2,3,3],[8,0,1,2,2],[9,0,1,2,2],[1,0,1,2,3,3],[3,0,1,2,3,4,3],[3,0,1,2,3,5,6,3],[11,0,1,2,3],[4,1,2,1],[4,0,1,2,2]],[[[{"name":"获得道具","rect":{"x":0,"y":0,"width":183,"height":49},"offset":{"x":0,"y":0},"originalSize":{"width":183,"height":49},"rotated":false,"capInsets":[0,0,0,0],"vertices":{"rawPosition":[-91.5,-24.5,0,91.5,-24.5,0,-91.5,24.5,0,91.5,24.5,0],"indexes":[0,1,2,2,1,3],"uv":[0,49,183,49,0,0,183,0],"nuv":[0,0,1,0,0,1,1,1],"minPos":{"x":-91.5,"y":-24.5,"z":0},"maxPos":{"x":91.5,"y":24.5,"z":0}},"packable":true,"pixelsToUnit":100,"pivot":{"x":0.5,"y":0.5},"meshType":0}],[2],0,[0],[2],[0]],[[{"name":"dk_hddj","rect":{"x":0,"y":0,"width":461,"height":505},"offset":{"x":0,"y":0},"originalSize":{"width":461,"height":505},"rotated":false,"capInsets":[0,0,0,0],"vertices":{"rawPosition":[-230.5,-252.5,0,230.5,-252.5,0,-230.5,252.5,0,230.5,252.5,0],"indexes":[0,1,2,2,1,3],"uv":[0,505,461,505,0,0,461,0],"nuv":[0,0,1,0,0,1,1,1],"minPos":{"x":-230.5,"y":-252.5,"z":0},"maxPos":{"x":230.5,"y":252.5,"z":0}},"packable":true,"pixelsToUnit":100,"pivot":{"x":0.5,"y":0.5},"meshType":0}],[2],0,[0],[2],[1]],[[[7,"UIGetSkill"],[8,"UIGetSkill",33554432,[-5,-6,-7,-8,-9,-10],[[1,-2,[0,"320tQyCIxAebSAvgQ4bUpH"],[5,0,0]],[11,18,-3,[0,"42xzy1uStGeJRxwKj96LEf"]],[12,1,-4,[0,"62RSDhAs5K/oU0EGmUdRit"]]],[2,"0beoaHGjlHf4bAIhuqccqg",null,null,null,-1,0]],[9,"BtnGet",33554432,1,[-15,-16],[[1,-11,[0,"2erEp2wzhGdaL1iSDrtgCp"],[5,259,108]],[5,1,2,-12,[0,"b6asoxgwRBPIg8VIrY810j"],3],[14,3,1.1,-13,[0,"c9K0p0B1NLEYYIz7HA9jjI"],[[16,"333753Gd1FCyY4QcMBJbrLh","onBtnGetClick",1]]],[17,-14,[0,"30PHXkOOtNbb1a8cEAYZh4"]]],[2,"84aZwokHFICqUzdGZygbWl",null,null,null,1,0],[1,0,-155,0]],[3,"BtnClose",33554432,1,[[1,-17,[0,"72rJs4r5NKSJq7hs4+1/X8"],[5,58,59]],[5,1,0,-18,[0,"30N4zcvLNLfrvq2APviTLT"],4],[15,3,1.1,-20,[0,"68oYgJKVVPmbwbtyPJ52mg"],[4,4292269782],-19],[18,"UIGetSkill",-21,[0,"be8HUC/gBJuI56+8TRxNAW"]]],[2,"8b2aXJ5gBC+ol3AmntwEpn",null,null,null,1,0],[1,200,215,0]],[10,"dk_hddj",33554432,1,[[1,-22,[0,"73/wFLoHVNfbH25uKevIUn"],[5,461,505]],[4,-23,[0,"d9ZvKQo1NCc4dVTdoCaAYf"],0]],[2,"216a3L/5NNcr49WdtW6gEs",null,null,null,1,0]],[3,"shipin3",33554432,2,[[1,-24,[0,"e7+yv4qNJJbJ2z2OIFTZ5V"],[5,55,42]],[4,-25,[0,"6fU0KbX+ZLJbNZXpa8TeFe"],1]],[2,"26HkjBdN1IZ5SUMC1t2ARn",null,null,null,1,0],[1,-92,8,0]],[3,"hddj",33554432,2,[[1,-26,[0,"65NZUpoyVPuZhOPq+fp/v0"],[5,183,49]],[4,-27,[0,"a1jSo9NbFJb4oHtyknF2HW"],2]],[2,"dcQg2H1z1JvovWvPUhzB1O",null,null,null,1,0],[1,29,8,0]],[3,"Icon",33554432,1,[[1,-28,[0,"f3e7e5UfFIEoFc+LS+B1As"],[5,221,214]],[13,1,2,-29,[0,"5drV5/MIRCk5ucAifWJjUN"]]],[2,"40rANwEapP/Zl5DMMUe+Eh",null,null,null,1,0],[1,0,36,0]],[3,"LbTitle",33554432,1,[[1,-30,[0,"84tN9QUz9HtKPNrx6DPRV0"],[5,96,66.7]],[6,"名字",43,43,45,true,true,5,-31,[0,"e02KfherBD4KYtmPTjHDxD"],[4,4278199195]]],[2,"bauijb1YVJGrIAy1ra5ukf",null,null,null,1,0],[1,0,215,0]],[3,"LbDesc",33554432,1,[[1,-32,[0,"8e0Gk7DPVDo7iLo82OaOkE"],[5,77.71875,46.32]],[6,"Desc",30,30,32,true,true,3,-33,[0,"f0Miw9bJNNlrDEzwukOur3"],[4,4285868094]]],[2,"73NSu3xS5Jtpx2LJoxdynx",null,null,null,1,0],[1,0,-50,0]]],0,[0,3,1,0,0,1,0,0,1,0,0,1,0,-1,4,0,-2,2,0,-3,3,0,-4,7,0,-5,8,0,-6,9,0,0,2,0,0,2,0,0,2,0,0,2,0,-1,5,0,-2,6,0,0,3,0,0,3,0,4,3,0,0,3,0,0,3,0,0,4,0,0,4,0,0,5,0,0,5,0,0,6,0,0,6,0,0,7,0,0,7,0,0,8,0,0,8,0,0,9,0,0,9,0,5,1,33],[0,0,0,0,0],[1,1,1,1,1],[2,3,4,5,6]]]]
